cell_id,sequence,repeat,suite,dataset,mode,algorithm,engine,variant,expected_outcome,outcome,original_outcome,receipt_outcome,integrity_errors,expected_outcome_observed,seconds,execution_rss_bytes,execution_pss_bytes,cgroup_peak_through_result_bytes,cgroup_lifetime_peak_bytes,native_pool_peak_bytes,native_read_peak_bytes,iterations,true_residual,whole_vm_steal_fraction,kernel,elapsed_until_error_seconds,execution_sampled,frontier_messages,contraction_rounds,native_source_sha,runtime_source_sha,harness_source_sha,binary_sha256,native_installed_files_identity,dataset_files_identity
large-pagerank-r1-uniform-4194304-nutmeg-native-pagerank-reference,1,1,large-pagerank,uniform-4194304,process-cluster,pagerank,nutmeg-native,reference,passed,passed,passed,passed,[],True,43.42947752600003,5161570304,5031254016,5483212800.0,8063729664.0,24627793852,100679680,16,1.0436869218597833e-09,0.0,pagerank,,True,,,9d7155aa2302d9dda4e93e48ee3fd81aac1ee637,70b0d1cab2cab945d4dbaf6842ee0e38c8aa1822,aa4b5fa6bd1a8e0ac833ec9db0862386777575c2,7353a7df02a624b3336f6c30d0968cbd42ae1f4bd3333ed6af9c638bbc77165a,c78f891d12cd38aca422eb453958cc0336e7f058cd895c1c808e8bbd01c8d806,e5a01efc286158987853be697c4cb128c7f4f8d9abfef8dee0929b0f5b6fa6b0
large-pagerank-r1-uniform-2097152-pecan-pagerank-reference,2,1,large-pagerank,uniform-2097152,process-cluster,pagerank,pecan,reference,passed,passed,passed,passed,[],True,42.80394020099993,2774220800,2635180032,3141873664.0,3248484352.0,,,16,1.0389651346854573e-09,0.0,power,,True,,,9d7155aa2302d9dda4e93e48ee3fd81aac1ee637,70b0d1cab2cab945d4dbaf6842ee0e38c8aa1822,aa4b5fa6bd1a8e0ac833ec9db0862386777575c2,7353a7df02a624b3336f6c30d0968cbd42ae1f4bd3333ed6af9c638bbc77165a,c78f891d12cd38aca422eb453958cc0336e7f058cd895c1c808e8bbd01c8d806,5f7e683772622975b3ad72cd9bb6ea39c5f3a4e53f28f8e1675562e81f985509
large-pagerank-r1-uniform-2097152-nutmeg-native-pagerank-optimized,3,1,large-pagerank,uniform-2097152,process-cluster,pagerank,nutmeg-native,optimized,passed,passed,passed,passed,[],True,27.482482031000018,3587616768,3453164544,3708080128.0,5175025664.0,12263898447,1212804748,15,3.48313148193012e-09,0.0,pagerankDelta,,True,244457262,,9d7155aa2302d9dda4e93e48ee3fd81aac1ee637,70b0d1cab2cab945d4dbaf6842ee0e38c8aa1822,aa4b5fa6bd1a8e0ac833ec9db0862386777575c2,7353a7df02a624b3336f6c30d0968cbd42ae1f4bd3333ed6af9c638bbc77165a,c78f891d12cd38aca422eb453958cc0336e7f058cd895c1c808e8bbd01c8d806,5f7e683772622975b3ad72cd9bb6ea39c5f3a4e53f28f8e1675562e81f985509
large-pagerank-r1-hub-2097152-nutmeg-datafusion-pagerank-optimized,4,1,large-pagerank,hub-2097152,process-cluster,pagerank,nutmeg-datafusion,optimized,passed,passed,passed,passed,[],True,48.53721346999964,2826833920,2686814208,3046019072.0,3148263424.0,,,16,3.2304448730683767e-09,0.0,delta,,True,263975830,,9d7155aa2302d9dda4e93e48ee3fd81aac1ee637,70b0d1cab2cab945d4dbaf6842ee0e38c8aa1822,aa4b5fa6bd1a8e0ac833ec9db0862386777575c2,7353a7df02a624b3336f6c30d0968cbd42ae1f4bd3333ed6af9c638bbc77165a,c78f891d12cd38aca422eb453958cc0336e7f058cd895c1c808e8bbd01c8d806,8b8102805e497ca6ab30f05ea810daddc5329e4c90ee56ab18c69b33e3a4dbcb
large-pagerank-r1-hub-4194304-nutmeg-native-pagerank-reference,5,1,large-pagerank,hub-4194304,process-cluster,pagerank,nutmeg-native,reference,passed,passed,passed,passed,[],True,44.82731129600006,5165436928,5033783296,5480521728.0,8121159680.0,24538076366,100679680,16,3.2018332865770946e-09,0.0,pagerank,,True,,,9d7155aa2302d9dda4e93e48ee3fd81aac1ee637,70b0d1cab2cab945d4dbaf6842ee0e38c8aa1822,aa4b5fa6bd1a8e0ac833ec9db0862386777575c2,7353a7df02a624b3336f6c30d0968cbd42ae1f4bd3333ed6af9c638bbc77165a,c78f891d12cd38aca422eb453958cc0336e7f058cd895c1c808e8bbd01c8d806,1a69b2e7153eaac877967cc77c12930dadaca2d0eb07d344a223e9dfbb5d47ae
large-pagerank-r1-hub-4194304-nutmeg-datafusion-pagerank-optimized,6,1,large-pagerank,hub-4194304,process-cluster,pagerank,nutmeg-datafusion,optimized,passed,passed,passed,passed,[],True,93.66186656699983,3752964096,3609693184,4124622848.0,4322926592.0,,,16,3.2377924559663774e-09,0.0,delta,,True,527965227,,9d7155aa2302d9dda4e93e48ee3fd81aac1ee637,70b0d1cab2cab945d4dbaf6842ee0e38c8aa1822,aa4b5fa6bd1a8e0ac833ec9db0862386777575c2,7353a7df02a624b3336f6c30d0968cbd42ae1f4bd3333ed6af9c638bbc77165a,c78f891d12cd38aca422eb453958cc0336e7f058cd895c1c808e8bbd01c8d806,1a69b2e7153eaac877967cc77c12930dadaca2d0eb07d344a223e9dfbb5d47ae
large-pagerank-r1-hub-2097152-pecan-pagerank-reference,7,1,large-pagerank,hub-2097152,process-cluster,pagerank,pecan,reference,passed,passed,passed,passed,[],True,40.99157628800003,2733891584,2590604288,3014590464.0,3207069696.0,,,16,3.195565371842244e-09,0.0,power,,True,,,9d7155aa2302d9dda4e93e48ee3fd81aac1ee637,70b0d1cab2cab945d4dbaf6842ee0e38c8aa1822,aa4b5fa6bd1a8e0ac833ec9db0862386777575c2,7353a7df02a624b3336f6c30d0968cbd42ae1f4bd3333ed6af9c638bbc77165a,c78f891d12cd38aca422eb453958cc0336e7f058cd895c1c808e8bbd01c8d806,8b8102805e497ca6ab30f05ea810daddc5329e4c90ee56ab18c69b33e3a4dbcb
large-pagerank-r1-uniform-2097152-nutmeg-native-pagerank-reference,8,1,large-pagerank,uniform-2097152,process-cluster,pagerank,nutmeg-native,reference,passed,passed,passed,passed,[],True,19.637934190000124,3408879616,3278101504,3413159936.0,5031530496.0,12263898447,50339840,16,1.0389651349916067e-09,0.0,pagerank,,True,,,9d7155aa2302d9dda4e93e48ee3fd81aac1ee637,70b0d1cab2cab945d4dbaf6842ee0e38c8aa1822,aa4b5fa6bd1a8e0ac833ec9db0862386777575c2,7353a7df02a624b3336f6c30d0968cbd42ae1f4bd3333ed6af9c638bbc77165a,c78f891d12cd38aca422eb453958cc0336e7f058cd895c1c808e8bbd01c8d806,5f7e683772622975b3ad72cd9bb6ea39c5f3a4e53f28f8e1675562e81f985509
large-pagerank-r1-hub-4194304-nutmeg-datafusion-pagerank-reference,9,1,large-pagerank,hub-4194304,process-cluster,pagerank,nutmeg-datafusion,reference,passed,passed,passed,passed,[],True,87.33302088300024,3741036544,3600791552,4412108800.0,4412108800.0,,,16,3.2018332865322813e-09,0.0,power,,True,,,9d7155aa2302d9dda4e93e48ee3fd81aac1ee637,70b0d1cab2cab945d4dbaf6842ee0e38c8aa1822,aa4b5fa6bd1a8e0ac833ec9db0862386777575c2,7353a7df02a624b3336f6c30d0968cbd42ae1f4bd3333ed6af9c638bbc77165a,c78f891d12cd38aca422eb453958cc0336e7f058cd895c1c808e8bbd01c8d806,1a69b2e7153eaac877967cc77c12930dadaca2d0eb07d344a223e9dfbb5d47ae
large-pagerank-r1-uniform-4194304-nutmeg-datafusion-pagerank-optimized,10,1,large-pagerank,uniform-4194304,process-cluster,pagerank,nutmeg-datafusion,optimized,passed,passed,passed,passed,[],True,87.78324835800004,3710136320,3569183744,4134440960.0,4460969984.0,,,15,3.499247676272627e-09,0.0,delta,,True,488919172,,9d7155aa2302d9dda4e93e48ee3fd81aac1ee637,70b0d1cab2cab945d4dbaf6842ee0e38c8aa1822,aa4b5fa6bd1a8e0ac833ec9db0862386777575c2,7353a7df02a624b3336f6c30d0968cbd42ae1f4bd3333ed6af9c638bbc77165a,c78f891d12cd38aca422eb453958cc0336e7f058cd895c1c808e8bbd01c8d806,e5a01efc286158987853be697c4cb128c7f4f8d9abfef8dee0929b0f5b6fa6b0
large-pagerank-r1-uniform-4194304-pecan-pagerank-reference,11,1,large-pagerank,uniform-4194304,process-cluster,pagerank,pecan,reference,passed,passed,passed,passed,[],True,82.27802366299966,3750825984,3601001472,4485095424.0,4485095424.0,,,16,1.0436869218943396e-09,0.0,power,,True,,,9d7155aa2302d9dda4e93e48ee3fd81aac1ee637,70b0d1cab2cab945d4dbaf6842ee0e38c8aa1822,aa4b5fa6bd1a8e0ac833ec9db0862386777575c2,7353a7df02a624b3336f6c30d0968cbd42ae1f4bd3333ed6af9c638bbc77165a,c78f891d12cd38aca422eb453958cc0336e7f058cd895c1c808e8bbd01c8d806,e5a01efc286158987853be697c4cb128c7f4f8d9abfef8dee0929b0f5b6fa6b0
large-pagerank-r1-hub-4194304-pecan-pagerank-optimized,12,1,large-pagerank,hub-4194304,process-cluster,pagerank,pecan,optimized,passed,passed,passed,passed,[],True,93.6786469409999,3631112192,3487418368,4064571392.0,4431376384.0,,,16,3.23779245598664e-09,0.0,delta,,True,527965227,,9d7155aa2302d9dda4e93e48ee3fd81aac1ee637,70b0d1cab2cab945d4dbaf6842ee0e38c8aa1822,aa4b5fa6bd1a8e0ac833ec9db0862386777575c2,7353a7df02a624b3336f6c30d0968cbd42ae1f4bd3333ed6af9c638bbc77165a,c78f891d12cd38aca422eb453958cc0336e7f058cd895c1c808e8bbd01c8d806,1a69b2e7153eaac877967cc77c12930dadaca2d0eb07d344a223e9dfbb5d47ae
large-pagerank-r1-hub-2097152-nutmeg-datafusion-pagerank-reference,13,1,large-pagerank,hub-2097152,process-cluster,pagerank,nutmeg-datafusion,reference,passed,passed,passed,passed,[],True,41.140525699000136,2734612480,2594699264,2992222208.0,3215581184.0,,,16,3.195565371585156e-09,0.0,power,,True,,,9d7155aa2302d9dda4e93e48ee3fd81aac1ee637,70b0d1cab2cab945d4dbaf6842ee0e38c8aa1822,aa4b5fa6bd1a8e0ac833ec9db0862386777575c2,7353a7df02a624b3336f6c30d0968cbd42ae1f4bd3333ed6af9c638bbc77165a,c78f891d12cd38aca422eb453958cc0336e7f058cd895c1c808e8bbd01c8d806,8b8102805e497ca6ab30f05ea810daddc5329e4c90ee56ab18c69b33e3a4dbcb
large-pagerank-r1-hub-2097152-pecan-pagerank-optimized,14,1,large-pagerank,hub-2097152,process-cluster,pagerank,pecan,optimized,passed,passed,passed,passed,[],True,48.04559968400008,2851622912,2709163008,3083309056.0,3322961920.0,,,16,3.2304448728864896e-09,0.0,delta,,True,263975830,,9d7155aa2302d9dda4e93e48ee3fd81aac1ee637,70b0d1cab2cab945d4dbaf6842ee0e38c8aa1822,aa4b5fa6bd1a8e0ac833ec9db0862386777575c2,7353a7df02a624b3336f6c30d0968cbd42ae1f4bd3333ed6af9c638bbc77165a,c78f891d12cd38aca422eb453958cc0336e7f058cd895c1c808e8bbd01c8d806,8b8102805e497ca6ab30f05ea810daddc5329e4c90ee56ab18c69b33e3a4dbcb
large-pagerank-r1-uniform-4194304-nutmeg-native-pagerank-optimized,15,1,large-pagerank,uniform-4194304,process-cluster,pagerank,nutmeg-native,optimized,passed,passed,passed,passed,[],True,65.89258437199987,5807173632,5676887040,6033604608.0,7762010112.0,24627793852,2375871860,15,3.4992476786177104e-09,0.0,pagerankDelta,,True,488919172,,9d7155aa2302d9dda4e93e48ee3fd81aac1ee637,70b0d1cab2cab945d4dbaf6842ee0e38c8aa1822,aa4b5fa6bd1a8e0ac833ec9db0862386777575c2,7353a7df02a624b3336f6c30d0968cbd42ae1f4bd3333ed6af9c638bbc77165a,c78f891d12cd38aca422eb453958cc0336e7f058cd895c1c808e8bbd01c8d806,e5a01efc286158987853be697c4cb128c7f4f8d9abfef8dee0929b0f5b6fa6b0
large-pagerank-r1-uniform-2097152-nutmeg-datafusion-pagerank-optimized,16,1,large-pagerank,uniform-2097152,process-cluster,pagerank,nutmeg-datafusion,optimized,passed,passed,passed,passed,[],True,46.104122202000326,2951168000,2809732096,3246313472.0,3470647296.0,,,15,3.483131488936088e-09,0.0,delta,,True,244457262,,9d7155aa2302d9dda4e93e48ee3fd81aac1ee637,70b0d1cab2cab945d4dbaf6842ee0e38c8aa1822,aa4b5fa6bd1a8e0ac833ec9db0862386777575c2,7353a7df02a624b3336f6c30d0968cbd42ae1f4bd3333ed6af9c638bbc77165a,c78f891d12cd38aca422eb453958cc0336e7f058cd895c1c808e8bbd01c8d806,5f7e683772622975b3ad72cd9bb6ea39c5f3a4e53f28f8e1675562e81f985509
large-pagerank-r1-hub-4194304-pecan-pagerank-reference,17,1,large-pagerank,hub-4194304,process-cluster,pagerank,pecan,reference,passed,passed,passed,passed,[],True,80.34982221300015,3732439040,3591718912,4427698176.0,4580225024.0,,,16,3.201833286582084e-09,0.0,power,,True,,,9d7155aa2302d9dda4e93e48ee3fd81aac1ee637,70b0d1cab2cab945d4dbaf6842ee0e38c8aa1822,aa4b5fa6bd1a8e0ac833ec9db0862386777575c2,7353a7df02a624b3336f6c30d0968cbd42ae1f4bd3333ed6af9c638bbc77165a,c78f891d12cd38aca422eb453958cc0336e7f058cd895c1c808e8bbd01c8d806,1a69b2e7153eaac877967cc77c12930dadaca2d0eb07d344a223e9dfbb5d47ae
large-pagerank-r1-uniform-4194304-nutmeg-datafusion-pagerank-reference,18,1,large-pagerank,uniform-4194304,process-cluster,pagerank,nutmeg-datafusion,reference,passed,passed,passed,passed,[],True,79.51879765400008,4079165440,3928706048,4638052352.0,4638052352.0,,,16,1.0436869220495717e-09,0.0,power,,True,,,9d7155aa2302d9dda4e93e48ee3fd81aac1ee637,70b0d1cab2cab945d4dbaf6842ee0e38c8aa1822,aa4b5fa6bd1a8e0ac833ec9db0862386777575c2,7353a7df02a624b3336f6c30d0968cbd42ae1f4bd3333ed6af9c638bbc77165a,c78f891d12cd38aca422eb453958cc0336e7f058cd895c1c808e8bbd01c8d806,e5a01efc286158987853be697c4cb128c7f4f8d9abfef8dee0929b0f5b6fa6b0
large-pagerank-r1-uniform-4194304-pecan-pagerank-optimized,19,1,large-pagerank,uniform-4194304,process-cluster,pagerank,pecan,optimized,passed,passed,passed,passed,[],True,85.87554254000042,3856441344,3708713984,4298137600.0,4617293824.0,,,15,3.4992476761923506e-09,0.0,delta,,True,488919172,,9d7155aa2302d9dda4e93e48ee3fd81aac1ee637,70b0d1cab2cab945d4dbaf6842ee0e38c8aa1822,aa4b5fa6bd1a8e0ac833ec9db0862386777575c2,7353a7df02a624b3336f6c30d0968cbd42ae1f4bd3333ed6af9c638bbc77165a,c78f891d12cd38aca422eb453958cc0336e7f058cd895c1c808e8bbd01c8d806,e5a01efc286158987853be697c4cb128c7f4f8d9abfef8dee0929b0f5b6fa6b0
large-pagerank-r1-hub-2097152-nutmeg-native-pagerank-reference,20,1,large-pagerank,hub-2097152,process-cluster,pagerank,nutmeg-native,reference,passed,passed,passed,passed,[],True,23.66432008999982,3176206336,3045369856,3285950464.0,4907560960.0,12219029777,50339840,16,3.1955653716799048e-09,0.0,pagerank,,True,,,9d7155aa2302d9dda4e93e48ee3fd81aac1ee637,70b0d1cab2cab945d4dbaf6842ee0e38c8aa1822,aa4b5fa6bd1a8e0ac833ec9db0862386777575c2,7353a7df02a624b3336f6c30d0968cbd42ae1f4bd3333ed6af9c638bbc77165a,c78f891d12cd38aca422eb453958cc0336e7f058cd895c1c808e8bbd01c8d806,8b8102805e497ca6ab30f05ea810daddc5329e4c90ee56ab18c69b33e3a4dbcb
large-pagerank-r1-hub-2097152-nutmeg-native-pagerank-optimized,21,1,large-pagerank,hub-2097152,process-cluster,pagerank,nutmeg-native,optimized,passed,passed,passed,passed,[],True,27.63879560300029,3604459520,3472041984,3743719424.0,5117562880.0,12219029841,1265517756,16,3.230444873280479e-09,0.0,pagerankDelta,,True,263975830,,9d7155aa2302d9dda4e93e48ee3fd81aac1ee637,70b0d1cab2cab945d4dbaf6842ee0e38c8aa1822,aa4b5fa6bd1a8e0ac833ec9db0862386777575c2,7353a7df02a624b3336f6c30d0968cbd42ae1f4bd3333ed6af9c638bbc77165a,c78f891d12cd38aca422eb453958cc0336e7f058cd895c1c808e8bbd01c8d806,8b8102805e497ca6ab30f05ea810daddc5329e4c90ee56ab18c69b33e3a4dbcb
large-pagerank-r1-uniform-2097152-nutmeg-datafusion-pagerank-reference,22,1,large-pagerank,uniform-2097152,process-cluster,pagerank,nutmeg-datafusion,reference,passed,passed,passed,passed,[],True,39.36971726499996,2765504512,2623969280,3094085632.0,3362316288.0,,,16,1.0389651348616666e-09,0.0,power,,True,,,9d7155aa2302d9dda4e93e48ee3fd81aac1ee637,70b0d1cab2cab945d4dbaf6842ee0e38c8aa1822,aa4b5fa6bd1a8e0ac833ec9db0862386777575c2,7353a7df02a624b3336f6c30d0968cbd42ae1f4bd3333ed6af9c638bbc77165a,c78f891d12cd38aca422eb453958cc0336e7f058cd895c1c808e8bbd01c8d806,5f7e683772622975b3ad72cd9bb6ea39c5f3a4e53f28f8e1675562e81f985509
large-pagerank-r1-hub-4194304-nutmeg-native-pagerank-optimized,23,1,large-pagerank,hub-4194304,process-cluster,pagerank,nutmeg-native,optimized,passed,passed,passed,passed,[],True,66.52598088800005,5768048640,5638481920,5990514688.0,7891968000.0,24538076274,2432697612,16,3.2377924547984845e-09,0.0,pagerankDelta,,True,527965227,,9d7155aa2302d9dda4e93e48ee3fd81aac1ee637,70b0d1cab2cab945d4dbaf6842ee0e38c8aa1822,aa4b5fa6bd1a8e0ac833ec9db0862386777575c2,7353a7df02a624b3336f6c30d0968cbd42ae1f4bd3333ed6af9c638bbc77165a,c78f891d12cd38aca422eb453958cc0336e7f058cd895c1c808e8bbd01c8d806,1a69b2e7153eaac877967cc77c12930dadaca2d0eb07d344a223e9dfbb5d47ae
large-pagerank-r1-uniform-2097152-pecan-pagerank-optimized,24,1,large-pagerank,uniform-2097152,process-cluster,pagerank,pecan,optimized,passed,passed,passed,passed,[],True,44.55028546499943,2926895104,2783012864,3227054080.0,3369828352.0,,,15,3.4831314889972995e-09,0.0,delta,,True,244457262,,9d7155aa2302d9dda4e93e48ee3fd81aac1ee637,70b0d1cab2cab945d4dbaf6842ee0e38c8aa1822,aa4b5fa6bd1a8e0ac833ec9db0862386777575c2,7353a7df02a624b3336f6c30d0968cbd42ae1f4bd3333ed6af9c638bbc77165a,c78f891d12cd38aca422eb453958cc0336e7f058cd895c1c808e8bbd01c8d806,5f7e683772622975b3ad72cd9bb6ea39c5f3a4e53f28f8e1675562e81f985509
large-pagerank-r2-hub-2097152-nutmeg-datafusion-pagerank-optimized,25,2,large-pagerank,hub-2097152,process-cluster,pagerank,nutmeg-datafusion,optimized,passed,passed,passed,passed,[],True,48.19483918500009,2892316672,2735766528,3306622976.0,3347501056.0,,,16,3.230444873141698e-09,0.0,delta,,True,263975830,,9d7155aa2302d9dda4e93e48ee3fd81aac1ee637,70b0d1cab2cab945d4dbaf6842ee0e38c8aa1822,aa4b5fa6bd1a8e0ac833ec9db0862386777575c2,7353a7df02a624b3336f6c30d0968cbd42ae1f4bd3333ed6af9c638bbc77165a,c78f891d12cd38aca422eb453958cc0336e7f058cd895c1c808e8bbd01c8d806,8b8102805e497ca6ab30f05ea810daddc5329e4c90ee56ab18c69b33e3a4dbcb
large-pagerank-r2-uniform-2097152-nutmeg-datafusion-pagerank-reference,26,2,large-pagerank,uniform-2097152,process-cluster,pagerank,nutmeg-datafusion,reference,passed,passed,passed,passed,[],True,38.39906405799957,2783985664,2629175296,3066007552.0,3241934848.0,,,16,1.0389651346778472e-09,0.0,power,,True,,,9d7155aa2302d9dda4e93e48ee3fd81aac1ee637,70b0d1cab2cab945d4dbaf6842ee0e38c8aa1822,aa4b5fa6bd1a8e0ac833ec9db0862386777575c2,7353a7df02a624b3336f6c30d0968cbd42ae1f4bd3333ed6af9c638bbc77165a,c78f891d12cd38aca422eb453958cc0336e7f058cd895c1c808e8bbd01c8d806,5f7e683772622975b3ad72cd9bb6ea39c5f3a4e53f28f8e1675562e81f985509
large-pagerank-r2-uniform-4194304-nutmeg-native-pagerank-optimized,27,2,large-pagerank,uniform-4194304,process-cluster,pagerank,nutmeg-native,optimized,passed,passed,passed,passed,[],True,65.21084850599982,5804318720,5672314880,6023540736.0,8048427008.0,24627793852,2336120180,15,3.4992476785664384e-09,0.0,pagerankDelta,,True,488919172,,9d7155aa2302d9dda4e93e48ee3fd81aac1ee637,70b0d1cab2cab945d4dbaf6842ee0e38c8aa1822,aa4b5fa6bd1a8e0ac833ec9db0862386777575c2,7353a7df02a624b3336f6c30d0968cbd42ae1f4bd3333ed6af9c638bbc77165a,c78f891d12cd38aca422eb453958cc0336e7f058cd895c1c808e8bbd01c8d806,e5a01efc286158987853be697c4cb128c7f4f8d9abfef8dee0929b0f5b6fa6b0
large-pagerank-r2-hub-4194304-nutmeg-native-pagerank-reference,28,2,large-pagerank,hub-4194304,process-cluster,pagerank,nutmeg-native,reference,passed,passed,passed,passed,[],True,43.29623777100005,5208666112,5077085184,5594386432.0,8018071552.0,24538076290,100679680,16,3.201833286502172e-09,0.0,pagerank,,True,,,9d7155aa2302d9dda4e93e48ee3fd81aac1ee637,70b0d1cab2cab945d4dbaf6842ee0e38c8aa1822,aa4b5fa6bd1a8e0ac833ec9db0862386777575c2,7353a7df02a624b3336f6c30d0968cbd42ae1f4bd3333ed6af9c638bbc77165a,c78f891d12cd38aca422eb453958cc0336e7f058cd895c1c808e8bbd01c8d806,1a69b2e7153eaac877967cc77c12930dadaca2d0eb07d344a223e9dfbb5d47ae
large-pagerank-r2-hub-4194304-pecan-pagerank-reference,29,2,large-pagerank,hub-4194304,process-cluster,pagerank,pecan,reference,passed,passed,passed,passed,[],True,83.35327881800004,3814457344,3672321024,4587368448.0,4590190592.0,,,16,3.2018332865385083e-09,0.0,power,,True,,,9d7155aa2302d9dda4e93e48ee3fd81aac1ee637,70b0d1cab2cab945d4dbaf6842ee0e38c8aa1822,aa4b5fa6bd1a8e0ac833ec9db0862386777575c2,7353a7df02a624b3336f6c30d0968cbd42ae1f4bd3333ed6af9c638bbc77165a,c78f891d12cd38aca422eb453958cc0336e7f058cd895c1c808e8bbd01c8d806,1a69b2e7153eaac877967cc77c12930dadaca2d0eb07d344a223e9dfbb5d47ae
large-pagerank-r2-uniform-2097152-nutmeg-native-pagerank-reference,30,2,large-pagerank,uniform-2097152,process-cluster,pagerank,nutmeg-native,reference,passed,passed,passed,passed,[],True,23.13631031099976,3174260736,3043589120,3284226048.0,4953464832.0,12263898447,50339840,16,1.0389651350072504e-09,0.0,pagerank,,True,,,9d7155aa2302d9dda4e93e48ee3fd81aac1ee637,70b0d1cab2cab945d4dbaf6842ee0e38c8aa1822,aa4b5fa6bd1a8e0ac833ec9db0862386777575c2,7353a7df02a624b3336f6c30d0968cbd42ae1f4bd3333ed6af9c638bbc77165a,c78f891d12cd38aca422eb453958cc0336e7f058cd895c1c808e8bbd01c8d806,5f7e683772622975b3ad72cd9bb6ea39c5f3a4e53f28f8e1675562e81f985509
large-pagerank-r2-uniform-2097152-pecan-pagerank-optimized,31,2,large-pagerank,uniform-2097152,process-cluster,pagerank,pecan,optimized,passed,passed,passed,passed,[],True,46.32632147700042,2978385920,2833738752,3270692864.0,3425472512.0,,,15,3.483131488920815e-09,0.0,delta,,True,244457262,,9d7155aa2302d9dda4e93e48ee3fd81aac1ee637,70b0d1cab2cab945d4dbaf6842ee0e38c8aa1822,aa4b5fa6bd1a8e0ac833ec9db0862386777575c2,7353a7df02a624b3336f6c30d0968cbd42ae1f4bd3333ed6af9c638bbc77165a,c78f891d12cd38aca422eb453958cc0336e7f058cd895c1c808e8bbd01c8d806,5f7e683772622975b3ad72cd9bb6ea39c5f3a4e53f28f8e1675562e81f985509
large-pagerank-r2-uniform-4194304-nutmeg-datafusion-pagerank-reference,32,2,large-pagerank,uniform-4194304,process-cluster,pagerank,nutmeg-datafusion,reference,passed,passed,passed,passed,[],True,80.24534282700006,3676696576,3539483648,4642557952.0,4642557952.0,,,16,1.043686921895094e-09,0.0,power,,True,,,9d7155aa2302d9dda4e93e48ee3fd81aac1ee637,70b0d1cab2cab945d4dbaf6842ee0e38c8aa1822,aa4b5fa6bd1a8e0ac833ec9db0862386777575c2,7353a7df02a624b3336f6c30d0968cbd42ae1f4bd3333ed6af9c638bbc77165a,c78f891d12cd38aca422eb453958cc0336e7f058cd895c1c808e8bbd01c8d806,e5a01efc286158987853be697c4cb128c7f4f8d9abfef8dee0929b0f5b6fa6b0
large-pagerank-r2-uniform-4194304-nutmeg-native-pagerank-reference,33,2,large-pagerank,uniform-4194304,process-cluster,pagerank,nutmeg-native,reference,passed,passed,passed,passed,[],True,43.153173578999485,5108744192,4977375232,5392764928.0,8097890304.0,24627793852,100679680,16,1.0436869218559452e-09,0.0,pagerank,,True,,,9d7155aa2302d9dda4e93e48ee3fd81aac1ee637,70b0d1cab2cab945d4dbaf6842ee0e38c8aa1822,aa4b5fa6bd1a8e0ac833ec9db0862386777575c2,7353a7df02a624b3336f6c30d0968cbd42ae1f4bd3333ed6af9c638bbc77165a,c78f891d12cd38aca422eb453958cc0336e7f058cd895c1c808e8bbd01c8d806,e5a01efc286158987853be697c4cb128c7f4f8d9abfef8dee0929b0f5b6fa6b0
large-pagerank-r2-uniform-2097152-nutmeg-datafusion-pagerank-optimized,34,2,large-pagerank,uniform-2097152,process-cluster,pagerank,nutmeg-datafusion,optimized,passed,passed,passed,passed,[],True,45.00879676600016,2954801152,2812017664,3277824000.0,3524964352.0,,,15,3.4831314890349395e-09,0.0,delta,,True,244457262,,9d7155aa2302d9dda4e93e48ee3fd81aac1ee637,70b0d1cab2cab945d4dbaf6842ee0e38c8aa1822,aa4b5fa6bd1a8e0ac833ec9db0862386777575c2,7353a7df02a624b3336f6c30d0968cbd42ae1f4bd3333ed6af9c638bbc77165a,c78f891d12cd38aca422eb453958cc0336e7f058cd895c1c808e8bbd01c8d806,5f7e683772622975b3ad72cd9bb6ea39c5f3a4e53f28f8e1675562e81f985509
large-pagerank-r2-uniform-4194304-pecan-pagerank-reference,35,2,large-pagerank,uniform-4194304,process-cluster,pagerank,pecan,reference,passed,passed,passed,passed,[],True,81.47947507400022,3980521472,3832400896,4763537408.0,4763537408.0,,,16,1.0436869218034226e-09,0.0,power,,True,,,9d7155aa2302d9dda4e93e48ee3fd81aac1ee637,70b0d1cab2cab945d4dbaf6842ee0e38c8aa1822,aa4b5fa6bd1a8e0ac833ec9db0862386777575c2,7353a7df02a624b3336f6c30d0968cbd42ae1f4bd3333ed6af9c638bbc77165a,c78f891d12cd38aca422eb453958cc0336e7f058cd895c1c808e8bbd01c8d806,e5a01efc286158987853be697c4cb128c7f4f8d9abfef8dee0929b0f5b6fa6b0
large-pagerank-r2-hub-4194304-nutmeg-native-pagerank-optimized,36,2,large-pagerank,hub-4194304,process-cluster,pagerank,nutmeg-native,optimized,passed,passed,passed,passed,[],True,67.52333087399984,5804433408,5673081856,6054625280.0,7879536640.0,24538076450,2428306220,16,3.237792454767958e-09,0.0,pagerankDelta,,True,527965227,,9d7155aa2302d9dda4e93e48ee3fd81aac1ee637,70b0d1cab2cab945d4dbaf6842ee0e38c8aa1822,aa4b5fa6bd1a8e0ac833ec9db0862386777575c2,7353a7df02a624b3336f6c30d0968cbd42ae1f4bd3333ed6af9c638bbc77165a,c78f891d12cd38aca422eb453958cc0336e7f058cd895c1c808e8bbd01c8d806,1a69b2e7153eaac877967cc77c12930dadaca2d0eb07d344a223e9dfbb5d47ae
large-pagerank-r2-uniform-4194304-pecan-pagerank-optimized,37,2,large-pagerank,uniform-4194304,process-cluster,pagerank,pecan,optimized,passed,passed,passed,passed,[],True,83.7716687709999,3724795904,3578985472,4180164608.0,4211843072.0,,,15,3.4992476763071898e-09,0.0,delta,,True,488919172,,9d7155aa2302d9dda4e93e48ee3fd81aac1ee637,70b0d1cab2cab945d4dbaf6842ee0e38c8aa1822,aa4b5fa6bd1a8e0ac833ec9db0862386777575c2,7353a7df02a624b3336f6c30d0968cbd42ae1f4bd3333ed6af9c638bbc77165a,c78f891d12cd38aca422eb453958cc0336e7f058cd895c1c808e8bbd01c8d806,e5a01efc286158987853be697c4cb128c7f4f8d9abfef8dee0929b0f5b6fa6b0
large-pagerank-r2-hub-2097152-pecan-pagerank-reference,38,2,large-pagerank,hub-2097152,process-cluster,pagerank,pecan,reference,passed,passed,passed,passed,[],True,39.80250183499993,2727886848,2595257344,3103637504.0,3103637504.0,,,16,3.195565371339146e-09,0.0,power,,True,,,9d7155aa2302d9dda4e93e48ee3fd81aac1ee637,70b0d1cab2cab945d4dbaf6842ee0e38c8aa1822,aa4b5fa6bd1a8e0ac833ec9db0862386777575c2,7353a7df02a624b3336f6c30d0968cbd42ae1f4bd3333ed6af9c638bbc77165a,c78f891d12cd38aca422eb453958cc0336e7f058cd895c1c808e8bbd01c8d806,8b8102805e497ca6ab30f05ea810daddc5329e4c90ee56ab18c69b33e3a4dbcb
large-pagerank-r2-hub-2097152-pecan-pagerank-optimized,39,2,large-pagerank,hub-2097152,process-cluster,pagerank,pecan,optimized,passed,passed,passed,passed,[],True,47.57926399600001,2784563200,2646850560,3013664768.0,3213164544.0,,,16,3.2304448728167417e-09,0.0,delta,,True,263975830,,9d7155aa2302d9dda4e93e48ee3fd81aac1ee637,70b0d1cab2cab945d4dbaf6842ee0e38c8aa1822,aa4b5fa6bd1a8e0ac833ec9db0862386777575c2,7353a7df02a624b3336f6c30d0968cbd42ae1f4bd3333ed6af9c638bbc77165a,c78f891d12cd38aca422eb453958cc0336e7f058cd895c1c808e8bbd01c8d806,8b8102805e497ca6ab30f05ea810daddc5329e4c90ee56ab18c69b33e3a4dbcb
large-pagerank-r2-hub-4194304-nutmeg-datafusion-pagerank-optimized,40,2,large-pagerank,hub-4194304,process-cluster,pagerank,nutmeg-datafusion,optimized,passed,passed,passed,passed,[],True,90.86558640099975,3820244992,3671575552,4270350336.0,4270350336.0,,,16,3.2377924560196545e-09,0.0,delta,,True,527965227,,9d7155aa2302d9dda4e93e48ee3fd81aac1ee637,70b0d1cab2cab945d4dbaf6842ee0e38c8aa1822,aa4b5fa6bd1a8e0ac833ec9db0862386777575c2,7353a7df02a624b3336f6c30d0968cbd42ae1f4bd3333ed6af9c638bbc77165a,c78f891d12cd38aca422eb453958cc0336e7f058cd895c1c808e8bbd01c8d806,1a69b2e7153eaac877967cc77c12930dadaca2d0eb07d344a223e9dfbb5d47ae
large-pagerank-r2-hub-2097152-nutmeg-native-pagerank-optimized,41,2,large-pagerank,hub-2097152,process-cluster,pagerank,nutmeg-native,optimized,passed,passed,passed,passed,[],True,27.249981685999956,3639717888,3508176896,3722203136.0,5116678144.0,12219029785,1216885000,16,3.2304448731377805e-09,0.0,pagerankDelta,,True,263975830,,9d7155aa2302d9dda4e93e48ee3fd81aac1ee637,70b0d1cab2cab945d4dbaf6842ee0e38c8aa1822,aa4b5fa6bd1a8e0ac833ec9db0862386777575c2,7353a7df02a624b3336f6c30d0968cbd42ae1f4bd3333ed6af9c638bbc77165a,c78f891d12cd38aca422eb453958cc0336e7f058cd895c1c808e8bbd01c8d806,8b8102805e497ca6ab30f05ea810daddc5329e4c90ee56ab18c69b33e3a4dbcb
large-pagerank-r2-hub-4194304-pecan-pagerank-optimized,42,2,large-pagerank,hub-4194304,process-cluster,pagerank,pecan,optimized,passed,passed,passed,passed,[],True,95.01429503799955,3619799040,3482221568,4071243776.0,4142034944.0,,,16,3.237792455978388e-09,0.0,delta,,True,527965227,,9d7155aa2302d9dda4e93e48ee3fd81aac1ee637,70b0d1cab2cab945d4dbaf6842ee0e38c8aa1822,aa4b5fa6bd1a8e0ac833ec9db0862386777575c2,7353a7df02a624b3336f6c30d0968cbd42ae1f4bd3333ed6af9c638bbc77165a,c78f891d12cd38aca422eb453958cc0336e7f058cd895c1c808e8bbd01c8d806,1a69b2e7153eaac877967cc77c12930dadaca2d0eb07d344a223e9dfbb5d47ae
large-pagerank-r2-uniform-2097152-pecan-pagerank-reference,43,2,large-pagerank,uniform-2097152,process-cluster,pagerank,pecan,reference,passed,passed,passed,passed,[],True,39.82508806900023,2819182592,2680876032,3111219200.0,3356651520.0,,,16,1.038965134617496e-09,0.0,power,,True,,,9d7155aa2302d9dda4e93e48ee3fd81aac1ee637,70b0d1cab2cab945d4dbaf6842ee0e38c8aa1822,aa4b5fa6bd1a8e0ac833ec9db0862386777575c2,7353a7df02a624b3336f6c30d0968cbd42ae1f4bd3333ed6af9c638bbc77165a,c78f891d12cd38aca422eb453958cc0336e7f058cd895c1c808e8bbd01c8d806,5f7e683772622975b3ad72cd9bb6ea39c5f3a4e53f28f8e1675562e81f985509
large-pagerank-r2-uniform-2097152-nutmeg-native-pagerank-optimized,44,2,large-pagerank,uniform-2097152,process-cluster,pagerank,nutmeg-native,optimized,passed,passed,passed,passed,[],True,31.6845364969995,3657326592,3526573056,3755470848.0,5392703488.0,12263898447,1177444456,15,3.4831314819981207e-09,0.0,pagerankDelta,,True,244457262,,9d7155aa2302d9dda4e93e48ee3fd81aac1ee637,70b0d1cab2cab945d4dbaf6842ee0e38c8aa1822,aa4b5fa6bd1a8e0ac833ec9db0862386777575c2,7353a7df02a624b3336f6c30d0968cbd42ae1f4bd3333ed6af9c638bbc77165a,c78f891d12cd38aca422eb453958cc0336e7f058cd895c1c808e8bbd01c8d806,5f7e683772622975b3ad72cd9bb6ea39c5f3a4e53f28f8e1675562e81f985509
large-pagerank-r2-hub-2097152-nutmeg-native-pagerank-reference,45,2,large-pagerank,hub-2097152,process-cluster,pagerank,nutmeg-native,reference,passed,passed,passed,passed,[],True,24.58035719399959,3222495232,3090385920,3375591424.0,4850790400.0,12219029817,50339840,16,3.1955653718121213e-09,0.0,pagerank,,True,,,9d7155aa2302d9dda4e93e48ee3fd81aac1ee637,70b0d1cab2cab945d4dbaf6842ee0e38c8aa1822,aa4b5fa6bd1a8e0ac833ec9db0862386777575c2,7353a7df02a624b3336f6c30d0968cbd42ae1f4bd3333ed6af9c638bbc77165a,c78f891d12cd38aca422eb453958cc0336e7f058cd895c1c808e8bbd01c8d806,8b8102805e497ca6ab30f05ea810daddc5329e4c90ee56ab18c69b33e3a4dbcb
large-pagerank-r2-uniform-4194304-nutmeg-datafusion-pagerank-optimized,46,2,large-pagerank,uniform-4194304,process-cluster,pagerank,nutmeg-datafusion,optimized,passed,passed,passed,passed,[],True,87.64769512900057,3757826048,3614415872,4224122880.0,4582993920.0,,,15,3.499247676202773e-09,0.0,delta,,True,488919172,,9d7155aa2302d9dda4e93e48ee3fd81aac1ee637,70b0d1cab2cab945d4dbaf6842ee0e38c8aa1822,aa4b5fa6bd1a8e0ac833ec9db0862386777575c2,7353a7df02a624b3336f6c30d0968cbd42ae1f4bd3333ed6af9c638bbc77165a,c78f891d12cd38aca422eb453958cc0336e7f058cd895c1c808e8bbd01c8d806,e5a01efc286158987853be697c4cb128c7f4f8d9abfef8dee0929b0f5b6fa6b0
large-pagerank-r2-hub-2097152-nutmeg-datafusion-pagerank-reference,47,2,large-pagerank,hub-2097152,process-cluster,pagerank,nutmeg-datafusion,reference,passed,passed,passed,passed,[],True,40.65136377900035,2752499712,2615173120,3128303616.0,3275755520.0,,,16,3.195565371528008e-09,0.0,power,,True,,,9d7155aa2302d9dda4e93e48ee3fd81aac1ee637,70b0d1cab2cab945d4dbaf6842ee0e38c8aa1822,aa4b5fa6bd1a8e0ac833ec9db0862386777575c2,7353a7df02a624b3336f6c30d0968cbd42ae1f4bd3333ed6af9c638bbc77165a,c78f891d12cd38aca422eb453958cc0336e7f058cd895c1c808e8bbd01c8d806,8b8102805e497ca6ab30f05ea810daddc5329e4c90ee56ab18c69b33e3a4dbcb
large-pagerank-r2-hub-4194304-nutmeg-datafusion-pagerank-reference,48,2,large-pagerank,hub-4194304,process-cluster,pagerank,nutmeg-datafusion,reference,passed,passed,passed,passed,[],True,81.01932733000012,3775238144,3648007168,4378660864.0,4624211968.0,,,16,3.2018332865120716e-09,0.0,power,,True,,,9d7155aa2302d9dda4e93e48ee3fd81aac1ee637,70b0d1cab2cab945d4dbaf6842ee0e38c8aa1822,aa4b5fa6bd1a8e0ac833ec9db0862386777575c2,7353a7df02a624b3336f6c30d0968cbd42ae1f4bd3333ed6af9c638bbc77165a,c78f891d12cd38aca422eb453958cc0336e7f058cd895c1c808e8bbd01c8d806,1a69b2e7153eaac877967cc77c12930dadaca2d0eb07d344a223e9dfbb5d47ae
large-pagerank-r3-uniform-4194304-pecan-pagerank-optimized,49,3,large-pagerank,uniform-4194304,process-cluster,pagerank,pecan,optimized,passed,passed,passed,passed,[],True,87.93259656699956,3725377536,3583924224,4159819776.0,4344020992.0,,,15,3.499247676362796e-09,0.0,delta,,True,488919172,,9d7155aa2302d9dda4e93e48ee3fd81aac1ee637,70b0d1cab2cab945d4dbaf6842ee0e38c8aa1822,aa4b5fa6bd1a8e0ac833ec9db0862386777575c2,7353a7df02a624b3336f6c30d0968cbd42ae1f4bd3333ed6af9c638bbc77165a,c78f891d12cd38aca422eb453958cc0336e7f058cd895c1c808e8bbd01c8d806,e5a01efc286158987853be697c4cb128c7f4f8d9abfef8dee0929b0f5b6fa6b0
large-pagerank-r3-hub-4194304-nutmeg-native-pagerank-optimized,50,3,large-pagerank,hub-4194304,process-cluster,pagerank,nutmeg-native,optimized,passed,passed,passed,passed,[],True,69.88364480699965,5827358720,5697251328,6093774848.0,7783071744.0,24538076414,2450394164,16,3.2377924547936405e-09,0.0,pagerankDelta,,True,527965227,,9d7155aa2302d9dda4e93e48ee3fd81aac1ee637,70b0d1cab2cab945d4dbaf6842ee0e38c8aa1822,aa4b5fa6bd1a8e0ac833ec9db0862386777575c2,7353a7df02a624b3336f6c30d0968cbd42ae1f4bd3333ed6af9c638bbc77165a,c78f891d12cd38aca422eb453958cc0336e7f058cd895c1c808e8bbd01c8d806,1a69b2e7153eaac877967cc77c12930dadaca2d0eb07d344a223e9dfbb5d47ae
large-pagerank-r3-hub-4194304-nutmeg-datafusion-pagerank-reference,51,3,large-pagerank,hub-4194304,process-cluster,pagerank,nutmeg-datafusion,reference,passed,passed,passed,passed,[],True,83.52414609199968,3570294784,3423697920,4322951168.0,4322951168.0,,,16,3.2018332865302564e-09,0.0,power,,True,,,9d7155aa2302d9dda4e93e48ee3fd81aac1ee637,70b0d1cab2cab945d4dbaf6842ee0e38c8aa1822,aa4b5fa6bd1a8e0ac833ec9db0862386777575c2,7353a7df02a624b3336f6c30d0968cbd42ae1f4bd3333ed6af9c638bbc77165a,c78f891d12cd38aca422eb453958cc0336e7f058cd895c1c808e8bbd01c8d806,1a69b2e7153eaac877967cc77c12930dadaca2d0eb07d344a223e9dfbb5d47ae
large-pagerank-r3-hub-4194304-pecan-pagerank-optimized,52,3,large-pagerank,hub-4194304,process-cluster,pagerank,pecan,optimized,passed,passed,passed,passed,[],True,94.93078077100017,3667718144,3523181568,4112183296.0,4347490304.0,,,16,3.2377924559789506e-09,0.0,delta,,True,527965227,,9d7155aa2302d9dda4e93e48ee3fd81aac1ee637,70b0d1cab2cab945d4dbaf6842ee0e38c8aa1822,aa4b5fa6bd1a8e0ac833ec9db0862386777575c2,7353a7df02a624b3336f6c30d0968cbd42ae1f4bd3333ed6af9c638bbc77165a,c78f891d12cd38aca422eb453958cc0336e7f058cd895c1c808e8bbd01c8d806,1a69b2e7153eaac877967cc77c12930dadaca2d0eb07d344a223e9dfbb5d47ae
large-pagerank-r3-uniform-2097152-nutmeg-native-pagerank-reference,53,3,large-pagerank,uniform-2097152,process-cluster,pagerank,nutmeg-native,reference,passed,passed,passed,passed,[],True,21.080102834000172,3374010368,3244615680,3378065408.0,4851834880.0,12263898447,50339840,16,1.0389651348973743e-09,0.0,pagerank,,True,,,9d7155aa2302d9dda4e93e48ee3fd81aac1ee637,70b0d1cab2cab945d4dbaf6842ee0e38c8aa1822,aa4b5fa6bd1a8e0ac833ec9db0862386777575c2,7353a7df02a624b3336f6c30d0968cbd42ae1f4bd3333ed6af9c638bbc77165a,c78f891d12cd38aca422eb453958cc0336e7f058cd895c1c808e8bbd01c8d806,5f7e683772622975b3ad72cd9bb6ea39c5f3a4e53f28f8e1675562e81f985509
large-pagerank-r3-uniform-4194304-nutmeg-native-pagerank-reference,54,3,large-pagerank,uniform-4194304,process-cluster,pagerank,nutmeg-native,reference,passed,passed,passed,passed,[],True,44.90664614799971,5145587712,5013666816,5492854784.0,8106004480.0,24627793852,100679680,16,1.0436869218653155e-09,0.0,pagerank,,True,,,9d7155aa2302d9dda4e93e48ee3fd81aac1ee637,70b0d1cab2cab945d4dbaf6842ee0e38c8aa1822,aa4b5fa6bd1a8e0ac833ec9db0862386777575c2,7353a7df02a624b3336f6c30d0968cbd42ae1f4bd3333ed6af9c638bbc77165a,c78f891d12cd38aca422eb453958cc0336e7f058cd895c1c808e8bbd01c8d806,e5a01efc286158987853be697c4cb128c7f4f8d9abfef8dee0929b0f5b6fa6b0
large-pagerank-r3-uniform-2097152-nutmeg-datafusion-pagerank-reference,55,3,large-pagerank,uniform-2097152,process-cluster,pagerank,nutmeg-datafusion,reference,passed,passed,passed,passed,[],True,40.00183027500043,2838724608,2694040576,3176624128.0,3449204736.0,,,16,1.038965134836785e-09,0.0,power,,True,,,9d7155aa2302d9dda4e93e48ee3fd81aac1ee637,70b0d1cab2cab945d4dbaf6842ee0e38c8aa1822,aa4b5fa6bd1a8e0ac833ec9db0862386777575c2,7353a7df02a624b3336f6c30d0968cbd42ae1f4bd3333ed6af9c638bbc77165a,c78f891d12cd38aca422eb453958cc0336e7f058cd895c1c808e8bbd01c8d806,5f7e683772622975b3ad72cd9bb6ea39c5f3a4e53f28f8e1675562e81f985509
large-pagerank-r3-uniform-2097152-nutmeg-datafusion-pagerank-optimized,56,3,large-pagerank,uniform-2097152,process-cluster,pagerank,nutmeg-datafusion,optimized,passed,passed,passed,passed,[],True,46.200796650000484,2926911488,2782738432,3205926912.0,3443687424.0,,,15,3.4831314889041656e-09,0.0,delta,,True,244457262,,9d7155aa2302d9dda4e93e48ee3fd81aac1ee637,70b0d1cab2cab945d4dbaf6842ee0e38c8aa1822,aa4b5fa6bd1a8e0ac833ec9db0862386777575c2,7353a7df02a624b3336f6c30d0968cbd42ae1f4bd3333ed6af9c638bbc77165a,c78f891d12cd38aca422eb453958cc0336e7f058cd895c1c808e8bbd01c8d806,5f7e683772622975b3ad72cd9bb6ea39c5f3a4e53f28f8e1675562e81f985509
large-pagerank-r3-uniform-4194304-nutmeg-native-pagerank-optimized,57,3,large-pagerank,uniform-4194304,process-cluster,pagerank,nutmeg-native,optimized,passed,passed,passed,passed,[],True,66.70038852000016,5781196800,5651438592,6039142400.0,8194506752.0,24627793852,2411297668,15,3.4992476786039858e-09,0.0,pagerankDelta,,True,488919172,,9d7155aa2302d9dda4e93e48ee3fd81aac1ee637,70b0d1cab2cab945d4dbaf6842ee0e38c8aa1822,aa4b5fa6bd1a8e0ac833ec9db0862386777575c2,7353a7df02a624b3336f6c30d0968cbd42ae1f4bd3333ed6af9c638bbc77165a,c78f891d12cd38aca422eb453958cc0336e7f058cd895c1c808e8bbd01c8d806,e5a01efc286158987853be697c4cb128c7f4f8d9abfef8dee0929b0f5b6fa6b0
large-pagerank-r3-hub-4194304-nutmeg-native-pagerank-reference,58,3,large-pagerank,hub-4194304,process-cluster,pagerank,nutmeg-native,reference,passed,passed,passed,passed,[],True,54.0585415150008,5178462208,5044942848,5507833856.0,7861129216.0,24538076382,100679680,16,3.2018332865533314e-09,0.0,pagerank,,True,,,9d7155aa2302d9dda4e93e48ee3fd81aac1ee637,70b0d1cab2cab945d4dbaf6842ee0e38c8aa1822,aa4b5fa6bd1a8e0ac833ec9db0862386777575c2,7353a7df02a624b3336f6c30d0968cbd42ae1f4bd3333ed6af9c638bbc77165a,c78f891d12cd38aca422eb453958cc0336e7f058cd895c1c808e8bbd01c8d806,1a69b2e7153eaac877967cc77c12930dadaca2d0eb07d344a223e9dfbb5d47ae
large-pagerank-r3-hub-4194304-pecan-pagerank-reference,59,3,large-pagerank,hub-4194304,process-cluster,pagerank,pecan,reference,passed,passed,passed,passed,[],True,83.47955237600036,3733213184,3595008000,4395732992.0,4467265536.0,,,16,3.2018332864517536e-09,0.0,power,,True,,,9d7155aa2302d9dda4e93e48ee3fd81aac1ee637,70b0d1cab2cab945d4dbaf6842ee0e38c8aa1822,aa4b5fa6bd1a8e0ac833ec9db0862386777575c2,7353a7df02a624b3336f6c30d0968cbd42ae1f4bd3333ed6af9c638bbc77165a,c78f891d12cd38aca422eb453958cc0336e7f058cd895c1c808e8bbd01c8d806,1a69b2e7153eaac877967cc77c12930dadaca2d0eb07d344a223e9dfbb5d47ae
large-pagerank-r3-hub-4194304-nutmeg-datafusion-pagerank-optimized,60,3,large-pagerank,hub-4194304,process-cluster,pagerank,nutmeg-datafusion,optimized,passed,passed,passed,passed,[],True,92.02255659000002,3685625856,3555654656,4116099072.0,4122722304.0,,,16,3.2377924557992473e-09,0.0,delta,,True,527965227,,9d7155aa2302d9dda4e93e48ee3fd81aac1ee637,70b0d1cab2cab945d4dbaf6842ee0e38c8aa1822,aa4b5fa6bd1a8e0ac833ec9db0862386777575c2,7353a7df02a624b3336f6c30d0968cbd42ae1f4bd3333ed6af9c638bbc77165a,c78f891d12cd38aca422eb453958cc0336e7f058cd895c1c808e8bbd01c8d806,1a69b2e7153eaac877967cc77c12930dadaca2d0eb07d344a223e9dfbb5d47ae
large-pagerank-r3-uniform-2097152-pecan-pagerank-optimized,61,3,large-pagerank,uniform-2097152,process-cluster,pagerank,pecan,optimized,passed,passed,passed,passed,[],True,46.73747856800037,2978283520,2839514112,3302555648.0,3531673600.0,,,15,3.4831314890765632e-09,0.0,delta,,True,244457262,,9d7155aa2302d9dda4e93e48ee3fd81aac1ee637,70b0d1cab2cab945d4dbaf6842ee0e38c8aa1822,aa4b5fa6bd1a8e0ac833ec9db0862386777575c2,7353a7df02a624b3336f6c30d0968cbd42ae1f4bd3333ed6af9c638bbc77165a,c78f891d12cd38aca422eb453958cc0336e7f058cd895c1c808e8bbd01c8d806,5f7e683772622975b3ad72cd9bb6ea39c5f3a4e53f28f8e1675562e81f985509
large-pagerank-r3-uniform-2097152-nutmeg-native-pagerank-optimized,62,3,large-pagerank,uniform-2097152,process-cluster,pagerank,nutmeg-native,optimized,passed,passed,passed,passed,[],True,28.06704899000033,3610075136,3479358464,3668934656.0,5191241728.0,12263898447,1226109920,15,3.483131482127293e-09,0.0,pagerankDelta,,True,244457262,,9d7155aa2302d9dda4e93e48ee3fd81aac1ee637,70b0d1cab2cab945d4dbaf6842ee0e38c8aa1822,aa4b5fa6bd1a8e0ac833ec9db0862386777575c2,7353a7df02a624b3336f6c30d0968cbd42ae1f4bd3333ed6af9c638bbc77165a,c78f891d12cd38aca422eb453958cc0336e7f058cd895c1c808e8bbd01c8d806,5f7e683772622975b3ad72cd9bb6ea39c5f3a4e53f28f8e1675562e81f985509
large-pagerank-r3-hub-2097152-pecan-pagerank-reference,63,3,large-pagerank,hub-2097152,process-cluster,pagerank,pecan,reference,passed,passed,passed,passed,[],True,43.044363369000166,2659663872,2516998144,2973454336.0,3111985152.0,,,16,3.195565371510379e-09,0.0,power,,True,,,9d7155aa2302d9dda4e93e48ee3fd81aac1ee637,70b0d1cab2cab945d4dbaf6842ee0e38c8aa1822,aa4b5fa6bd1a8e0ac833ec9db0862386777575c2,7353a7df02a624b3336f6c30d0968cbd42ae1f4bd3333ed6af9c638bbc77165a,c78f891d12cd38aca422eb453958cc0336e7f058cd895c1c808e8bbd01c8d806,8b8102805e497ca6ab30f05ea810daddc5329e4c90ee56ab18c69b33e3a4dbcb
large-pagerank-r3-hub-2097152-nutmeg-native-pagerank-reference,64,3,large-pagerank,hub-2097152,process-cluster,pagerank,nutmeg-native,reference,passed,passed,passed,passed,[],True,20.52046818999952,3205099520,3074455552,3315322880.0,4747522048.0,12219029745,50339840,16,3.195565371707804e-09,0.0,pagerank,,True,,,9d7155aa2302d9dda4e93e48ee3fd81aac1ee637,70b0d1cab2cab945d4dbaf6842ee0e38c8aa1822,aa4b5fa6bd1a8e0ac833ec9db0862386777575c2,7353a7df02a624b3336f6c30d0968cbd42ae1f4bd3333ed6af9c638bbc77165a,c78f891d12cd38aca422eb453958cc0336e7f058cd895c1c808e8bbd01c8d806,8b8102805e497ca6ab30f05ea810daddc5329e4c90ee56ab18c69b33e3a4dbcb
large-pagerank-r3-hub-2097152-nutmeg-datafusion-pagerank-optimized,65,3,large-pagerank,hub-2097152,process-cluster,pagerank,nutmeg-datafusion,optimized,passed,passed,passed,passed,[],True,48.59463684599996,2821480448,2672593920,3063795712.0,3228557312.0,,,16,3.230444873001567e-09,0.0,delta,,True,263975830,,9d7155aa2302d9dda4e93e48ee3fd81aac1ee637,70b0d1cab2cab945d4dbaf6842ee0e38c8aa1822,aa4b5fa6bd1a8e0ac833ec9db0862386777575c2,7353a7df02a624b3336f6c30d0968cbd42ae1f4bd3333ed6af9c638bbc77165a,c78f891d12cd38aca422eb453958cc0336e7f058cd895c1c808e8bbd01c8d806,8b8102805e497ca6ab30f05ea810daddc5329e4c90ee56ab18c69b33e3a4dbcb
large-pagerank-r3-uniform-4194304-nutmeg-datafusion-pagerank-optimized,66,3,large-pagerank,uniform-4194304,process-cluster,pagerank,nutmeg-datafusion,optimized,passed,passed,passed,passed,[],True,88.41493691599953,3772604416,3618495488,4241592320.0,4559024128.0,,,15,3.499247676267485e-09,0.0,delta,,True,488919172,,9d7155aa2302d9dda4e93e48ee3fd81aac1ee637,70b0d1cab2cab945d4dbaf6842ee0e38c8aa1822,aa4b5fa6bd1a8e0ac833ec9db0862386777575c2,7353a7df02a624b3336f6c30d0968cbd42ae1f4bd3333ed6af9c638bbc77165a,c78f891d12cd38aca422eb453958cc0336e7f058cd895c1c808e8bbd01c8d806,e5a01efc286158987853be697c4cb128c7f4f8d9abfef8dee0929b0f5b6fa6b0
large-pagerank-r3-hub-2097152-pecan-pagerank-optimized,67,3,large-pagerank,hub-2097152,process-cluster,pagerank,pecan,optimized,passed,passed,passed,passed,[],True,49.839546660999986,2874392576,2726304768,3201695744.0,3205132288.0,,,16,3.230444872816239e-09,0.0,delta,,True,263975830,,9d7155aa2302d9dda4e93e48ee3fd81aac1ee637,70b0d1cab2cab945d4dbaf6842ee0e38c8aa1822,aa4b5fa6bd1a8e0ac833ec9db0862386777575c2,7353a7df02a624b3336f6c30d0968cbd42ae1f4bd3333ed6af9c638bbc77165a,c78f891d12cd38aca422eb453958cc0336e7f058cd895c1c808e8bbd01c8d806,8b8102805e497ca6ab30f05ea810daddc5329e4c90ee56ab18c69b33e3a4dbcb
large-pagerank-r3-uniform-2097152-pecan-pagerank-reference,68,3,large-pagerank,uniform-2097152,process-cluster,pagerank,pecan,reference,passed,passed,passed,passed,[],True,41.31825822299925,2748358656,2605542400,3072917504.0,3508215808.0,,,16,1.0389651347809073e-09,0.0,power,,True,,,9d7155aa2302d9dda4e93e48ee3fd81aac1ee637,70b0d1cab2cab945d4dbaf6842ee0e38c8aa1822,aa4b5fa6bd1a8e0ac833ec9db0862386777575c2,7353a7df02a624b3336f6c30d0968cbd42ae1f4bd3333ed6af9c638bbc77165a,c78f891d12cd38aca422eb453958cc0336e7f058cd895c1c808e8bbd01c8d806,5f7e683772622975b3ad72cd9bb6ea39c5f3a4e53f28f8e1675562e81f985509
large-pagerank-r3-hub-2097152-nutmeg-native-pagerank-optimized,69,3,large-pagerank,hub-2097152,process-cluster,pagerank,nutmeg-native,optimized,passed,passed,passed,passed,[],True,28.74440149899965,3604729856,3472202752,3697516544.0,5136494592.0,12219029853,1265517756,16,3.230444873275966e-09,0.0,pagerankDelta,,True,263975830,,9d7155aa2302d9dda4e93e48ee3fd81aac1ee637,70b0d1cab2cab945d4dbaf6842ee0e38c8aa1822,aa4b5fa6bd1a8e0ac833ec9db0862386777575c2,7353a7df02a624b3336f6c30d0968cbd42ae1f4bd3333ed6af9c638bbc77165a,c78f891d12cd38aca422eb453958cc0336e7f058cd895c1c808e8bbd01c8d806,8b8102805e497ca6ab30f05ea810daddc5329e4c90ee56ab18c69b33e3a4dbcb
large-pagerank-r3-uniform-4194304-nutmeg-datafusion-pagerank-reference,70,3,large-pagerank,uniform-4194304,process-cluster,pagerank,nutmeg-datafusion,reference,passed,passed,passed,passed,[],True,83.0237515810004,3974463488,3838404608,4866224128.0,4866224128.0,,,16,1.043686921882448e-09,0.0,power,,True,,,9d7155aa2302d9dda4e93e48ee3fd81aac1ee637,70b0d1cab2cab945d4dbaf6842ee0e38c8aa1822,aa4b5fa6bd1a8e0ac833ec9db0862386777575c2,7353a7df02a624b3336f6c30d0968cbd42ae1f4bd3333ed6af9c638bbc77165a,c78f891d12cd38aca422eb453958cc0336e7f058cd895c1c808e8bbd01c8d806,e5a01efc286158987853be697c4cb128c7f4f8d9abfef8dee0929b0f5b6fa6b0
large-pagerank-r3-hub-2097152-nutmeg-datafusion-pagerank-reference,71,3,large-pagerank,hub-2097152,process-cluster,pagerank,nutmeg-datafusion,reference,passed,passed,passed,passed,[],True,38.524754217998634,2996580352,2859571200,3130093568.0,3201253376.0,,,16,3.1955653715410576e-09,0.0,power,,True,,,9d7155aa2302d9dda4e93e48ee3fd81aac1ee637,70b0d1cab2cab945d4dbaf6842ee0e38c8aa1822,aa4b5fa6bd1a8e0ac833ec9db0862386777575c2,7353a7df02a624b3336f6c30d0968cbd42ae1f4bd3333ed6af9c638bbc77165a,c78f891d12cd38aca422eb453958cc0336e7f058cd895c1c808e8bbd01c8d806,8b8102805e497ca6ab30f05ea810daddc5329e4c90ee56ab18c69b33e3a4dbcb
large-pagerank-r3-uniform-4194304-pecan-pagerank-reference,72,3,large-pagerank,uniform-4194304,process-cluster,pagerank,pecan,reference,passed,passed,passed,passed,[],True,81.10346349800056,3651813376,3523308544,4380602368.0,4533260288.0,,,16,1.0436869217763043e-09,0.0,power,,True,,,9d7155aa2302d9dda4e93e48ee3fd81aac1ee637,70b0d1cab2cab945d4dbaf6842ee0e38c8aa1822,aa4b5fa6bd1a8e0ac833ec9db0862386777575c2,7353a7df02a624b3336f6c30d0968cbd42ae1f4bd3333ed6af9c638bbc77165a,c78f891d12cd38aca422eb453958cc0336e7f058cd895c1c808e8bbd01c8d806,e5a01efc286158987853be697c4cb128c7f4f8d9abfef8dee0929b0f5b6fa6b0
large-wcc-r1-hub-2097152-nutmeg-datafusion-wcc-fused,73,1,large-wcc,hub-2097152,process-cluster,wcc,nutmeg-datafusion,fused,passed,passed,passed,passed,[],True,21.635293319000994,3467042816,3321867264,3922731008.0,3922731008.0,,,11,,0.0,randomized_fused,,True,,11,9d7155aa2302d9dda4e93e48ee3fd81aac1ee637,70b0d1cab2cab945d4dbaf6842ee0e38c8aa1822,aa4b5fa6bd1a8e0ac833ec9db0862386777575c2,7353a7df02a624b3336f6c30d0968cbd42ae1f4bd3333ed6af9c638bbc77165a,c78f891d12cd38aca422eb453958cc0336e7f058cd895c1c808e8bbd01c8d806,8b8102805e497ca6ab30f05ea810daddc5329e4c90ee56ab18c69b33e3a4dbcb
large-wcc-r1-uniform-4194304-nutmeg-native-wcc-fused,74,1,large-wcc,uniform-4194304,process-cluster,wcc,nutmeg-native,fused,passed,passed,passed,passed,[],True,62.80378966299941,5645262848,5511146496,5884428288.0,5884428288.0,24627793852,1157908208,13,,0.0,wccRandomizedFused,,True,,13,9d7155aa2302d9dda4e93e48ee3fd81aac1ee637,70b0d1cab2cab945d4dbaf6842ee0e38c8aa1822,aa4b5fa6bd1a8e0ac833ec9db0862386777575c2,7353a7df02a624b3336f6c30d0968cbd42ae1f4bd3333ed6af9c638bbc77165a,c78f891d12cd38aca422eb453958cc0336e7f058cd895c1c808e8bbd01c8d806,e5a01efc286158987853be697c4cb128c7f4f8d9abfef8dee0929b0f5b6fa6b0
large-wcc-r1-hub-4194304-nutmeg-datafusion-wcc-fused,75,1,large-wcc,hub-4194304,process-cluster,wcc,nutmeg-datafusion,fused,passed,passed,passed,passed,[],True,41.721988961000534,6147149824,6004443136,6534676480.0,6534676480.0,,,12,,0.0,randomized_fused,,True,,12,9d7155aa2302d9dda4e93e48ee3fd81aac1ee637,70b0d1cab2cab945d4dbaf6842ee0e38c8aa1822,aa4b5fa6bd1a8e0ac833ec9db0862386777575c2,7353a7df02a624b3336f6c30d0968cbd42ae1f4bd3333ed6af9c638bbc77165a,c78f891d12cd38aca422eb453958cc0336e7f058cd895c1c808e8bbd01c8d806,1a69b2e7153eaac877967cc77c12930dadaca2d0eb07d344a223e9dfbb5d47ae
large-wcc-r1-uniform-4194304-pecan-wcc-optimized,76,1,large-wcc,uniform-4194304,process-cluster,wcc,pecan,optimized,passed,passed,passed,passed,[],True,50.82402768099928,4760375296,4621023232,5624496128.0,5624496128.0,,,13,,0.0,randomized,,True,,13,9d7155aa2302d9dda4e93e48ee3fd81aac1ee637,70b0d1cab2cab945d4dbaf6842ee0e38c8aa1822,aa4b5fa6bd1a8e0ac833ec9db0862386777575c2,7353a7df02a624b3336f6c30d0968cbd42ae1f4bd3333ed6af9c638bbc77165a,c78f891d12cd38aca422eb453958cc0336e7f058cd895c1c808e8bbd01c8d806,e5a01efc286158987853be697c4cb128c7f4f8d9abfef8dee0929b0f5b6fa6b0
large-wcc-r1-uniform-4194304-pecan-wcc-fused,77,1,large-wcc,uniform-4194304,process-cluster,wcc,pecan,fused,passed,passed,passed,passed,[],True,40.62271265600066,5079752704,4940165120,5553074176.0,5553074176.0,,,13,,0.0,randomized_fused,,True,,13,9d7155aa2302d9dda4e93e48ee3fd81aac1ee637,70b0d1cab2cab945d4dbaf6842ee0e38c8aa1822,aa4b5fa6bd1a8e0ac833ec9db0862386777575c2,7353a7df02a624b3336f6c30d0968cbd42ae1f4bd3333ed6af9c638bbc77165a,c78f891d12cd38aca422eb453958cc0336e7f058cd895c1c808e8bbd01c8d806,e5a01efc286158987853be697c4cb128c7f4f8d9abfef8dee0929b0f5b6fa6b0
large-wcc-r1-hub-4194304-nutmeg-datafusion-wcc-optimized,78,1,large-wcc,hub-4194304,process-cluster,wcc,nutmeg-datafusion,optimized,passed,passed,passed,passed,[],True,48.33816886000022,4808839168,4658264064,5649997824.0,5649997824.0,,,12,,0.0,randomized,,True,,12,9d7155aa2302d9dda4e93e48ee3fd81aac1ee637,70b0d1cab2cab945d4dbaf6842ee0e38c8aa1822,aa4b5fa6bd1a8e0ac833ec9db0862386777575c2,7353a7df02a624b3336f6c30d0968cbd42ae1f4bd3333ed6af9c638bbc77165a,c78f891d12cd38aca422eb453958cc0336e7f058cd895c1c808e8bbd01c8d806,1a69b2e7153eaac877967cc77c12930dadaca2d0eb07d344a223e9dfbb5d47ae
large-wcc-r1-uniform-2097152-nutmeg-datafusion-wcc-optimized,79,1,large-wcc,uniform-2097152,process-cluster,wcc,nutmeg-datafusion,optimized,passed,passed,passed,passed,[],True,25.031924409000567,3331051520,3217049600,3918688256.0,3918688256.0,,,12,,0.0,randomized,,True,,12,9d7155aa2302d9dda4e93e48ee3fd81aac1ee637,70b0d1cab2cab945d4dbaf6842ee0e38c8aa1822,aa4b5fa6bd1a8e0ac833ec9db0862386777575c2,7353a7df02a624b3336f6c30d0968cbd42ae1f4bd3333ed6af9c638bbc77165a,c78f891d12cd38aca422eb453958cc0336e7f058cd895c1c808e8bbd01c8d806,5f7e683772622975b3ad72cd9bb6ea39c5f3a4e53f28f8e1675562e81f985509
large-wcc-r1-uniform-2097152-pecan-wcc-reference,80,1,large-wcc,uniform-2097152,process-cluster,wcc,pecan,reference,passed,passed,passed,passed,[],True,32.529311710999536,4297760768,4181399552,4566913024.0,4566913024.0,,,8,,0.0,min_label,,True,,,9d7155aa2302d9dda4e93e48ee3fd81aac1ee637,70b0d1cab2cab945d4dbaf6842ee0e38c8aa1822,aa4b5fa6bd1a8e0ac833ec9db0862386777575c2,7353a7df02a624b3336f6c30d0968cbd42ae1f4bd3333ed6af9c638bbc77165a,c78f891d12cd38aca422eb453958cc0336e7f058cd895c1c808e8bbd01c8d806,5f7e683772622975b3ad72cd9bb6ea39c5f3a4e53f28f8e1675562e81f985509
large-wcc-r1-hub-2097152-nutmeg-datafusion-wcc-optimized,81,1,large-wcc,hub-2097152,process-cluster,wcc,nutmeg-datafusion,optimized,passed,passed,passed,passed,[],True,24.175006878000204,3225956352,3093961728,3761602560.0,3761602560.0,,,11,,0.0,randomized,,True,,11,9d7155aa2302d9dda4e93e48ee3fd81aac1ee637,70b0d1cab2cab945d4dbaf6842ee0e38c8aa1822,aa4b5fa6bd1a8e0ac833ec9db0862386777575c2,7353a7df02a624b3336f6c30d0968cbd42ae1f4bd3333ed6af9c638bbc77165a,c78f891d12cd38aca422eb453958cc0336e7f058cd895c1c808e8bbd01c8d806,8b8102805e497ca6ab30f05ea810daddc5329e4c90ee56ab18c69b33e3a4dbcb
large-wcc-r1-hub-2097152-nutmeg-datafusion-wcc-reference,82,1,large-wcc,hub-2097152,process-cluster,wcc,nutmeg-datafusion,reference,passed,passed,passed,passed,[],True,26.46184552500017,4105863168,3969993728,4457861120.0,4457861120.0,,,6,,0.0,min_label,,True,,,9d7155aa2302d9dda4e93e48ee3fd81aac1ee637,70b0d1cab2cab945d4dbaf6842ee0e38c8aa1822,aa4b5fa6bd1a8e0ac833ec9db0862386777575c2,7353a7df02a624b3336f6c30d0968cbd42ae1f4bd3333ed6af9c638bbc77165a,c78f891d12cd38aca422eb453958cc0336e7f058cd895c1c808e8bbd01c8d806,8b8102805e497ca6ab30f05ea810daddc5329e4c90ee56ab18c69b33e3a4dbcb
large-wcc-r1-uniform-4194304-pecan-wcc-reference,83,1,large-wcc,uniform-4194304,process-cluster,wcc,pecan,reference,passed,passed,passed,passed,[],True,62.018334918999244,6511792128,6357760000,7381352448.0,7381352448.0,,,8,,0.0,min_label,,True,,,9d7155aa2302d9dda4e93e48ee3fd81aac1ee637,70b0d1cab2cab945d4dbaf6842ee0e38c8aa1822,aa4b5fa6bd1a8e0ac833ec9db0862386777575c2,7353a7df02a624b3336f6c30d0968cbd42ae1f4bd3333ed6af9c638bbc77165a,c78f891d12cd38aca422eb453958cc0336e7f058cd895c1c808e8bbd01c8d806,e5a01efc286158987853be697c4cb128c7f4f8d9abfef8dee0929b0f5b6fa6b0
large-wcc-r1-hub-2097152-pecan-wcc-optimized,84,1,large-wcc,hub-2097152,process-cluster,wcc,pecan,optimized,passed,passed,passed,passed,[],True,25.8632435290001,3320676352,3179399168,3820105728.0,3820105728.0,,,11,,0.0,randomized,,True,,11,9d7155aa2302d9dda4e93e48ee3fd81aac1ee637,70b0d1cab2cab945d4dbaf6842ee0e38c8aa1822,aa4b5fa6bd1a8e0ac833ec9db0862386777575c2,7353a7df02a624b3336f6c30d0968cbd42ae1f4bd3333ed6af9c638bbc77165a,c78f891d12cd38aca422eb453958cc0336e7f058cd895c1c808e8bbd01c8d806,8b8102805e497ca6ab30f05ea810daddc5329e4c90ee56ab18c69b33e3a4dbcb
large-wcc-r1-hub-2097152-pecan-wcc-reference,85,1,large-wcc,hub-2097152,process-cluster,wcc,pecan,reference,passed,passed,passed,passed,[],True,27.633754944999964,4106919936,3973831680,4257005568.0,4257005568.0,,,6,,0.0,min_label,,True,,,9d7155aa2302d9dda4e93e48ee3fd81aac1ee637,70b0d1cab2cab945d4dbaf6842ee0e38c8aa1822,aa4b5fa6bd1a8e0ac833ec9db0862386777575c2,7353a7df02a624b3336f6c30d0968cbd42ae1f4bd3333ed6af9c638bbc77165a,c78f891d12cd38aca422eb453958cc0336e7f058cd895c1c808e8bbd01c8d806,8b8102805e497ca6ab30f05ea810daddc5329e4c90ee56ab18c69b33e3a4dbcb
large-wcc-r1-uniform-4194304-nutmeg-native-wcc-optimized,86,1,large-wcc,uniform-4194304,process-cluster,wcc,nutmeg-native,optimized,passed,passed,passed,passed,[],True,58.185268162000284,5639917568,5507607552,5860802560.0,5860802560.0,24627793852,1157908208,13,,0.0,wccRandomized,,True,,13,9d7155aa2302d9dda4e93e48ee3fd81aac1ee637,70b0d1cab2cab945d4dbaf6842ee0e38c8aa1822,aa4b5fa6bd1a8e0ac833ec9db0862386777575c2,7353a7df02a624b3336f6c30d0968cbd42ae1f4bd3333ed6af9c638bbc77165a,c78f891d12cd38aca422eb453958cc0336e7f058cd895c1c808e8bbd01c8d806,e5a01efc286158987853be697c4cb128c7f4f8d9abfef8dee0929b0f5b6fa6b0
large-wcc-r1-hub-4194304-pecan-wcc-optimized,87,1,large-wcc,hub-4194304,process-cluster,wcc,pecan,optimized,passed,passed,passed,passed,[],True,49.13088630600032,4587847680,4448262144,5357821952.0,5357821952.0,,,12,,0.0,randomized,,True,,12,9d7155aa2302d9dda4e93e48ee3fd81aac1ee637,70b0d1cab2cab945d4dbaf6842ee0e38c8aa1822,aa4b5fa6bd1a8e0ac833ec9db0862386777575c2,7353a7df02a624b3336f6c30d0968cbd42ae1f4bd3333ed6af9c638bbc77165a,c78f891d12cd38aca422eb453958cc0336e7f058cd895c1c808e8bbd01c8d806,1a69b2e7153eaac877967cc77c12930dadaca2d0eb07d344a223e9dfbb5d47ae
large-wcc-r1-uniform-4194304-nutmeg-datafusion-wcc-fused,88,1,large-wcc,uniform-4194304,process-cluster,wcc,nutmeg-datafusion,fused,passed,passed,passed,passed,[],True,41.74770841099962,5031518208,4894166016,5517905920.0,5517905920.0,,,13,,0.0,randomized_fused,,True,,13,9d7155aa2302d9dda4e93e48ee3fd81aac1ee637,70b0d1cab2cab945d4dbaf6842ee0e38c8aa1822,aa4b5fa6bd1a8e0ac833ec9db0862386777575c2,7353a7df02a624b3336f6c30d0968cbd42ae1f4bd3333ed6af9c638bbc77165a,c78f891d12cd38aca422eb453958cc0336e7f058cd895c1c808e8bbd01c8d806,e5a01efc286158987853be697c4cb128c7f4f8d9abfef8dee0929b0f5b6fa6b0
large-wcc-r1-hub-4194304-nutmeg-native-wcc-fused,89,1,large-wcc,hub-4194304,process-cluster,wcc,nutmeg-native,fused,passed,passed,passed,passed,[],True,64.08708043899969,5640826880,5509622784,5920182272.0,5920182272.0,24538076458,1157779376,12,,0.0,wccRandomizedFused,,True,,12,9d7155aa2302d9dda4e93e48ee3fd81aac1ee637,70b0d1cab2cab945d4dbaf6842ee0e38c8aa1822,aa4b5fa6bd1a8e0ac833ec9db0862386777575c2,7353a7df02a624b3336f6c30d0968cbd42ae1f4bd3333ed6af9c638bbc77165a,c78f891d12cd38aca422eb453958cc0336e7f058cd895c1c808e8bbd01c8d806,1a69b2e7153eaac877967cc77c12930dadaca2d0eb07d344a223e9dfbb5d47ae
large-wcc-r1-hub-4194304-pecan-wcc-fused,90,1,large-wcc,hub-4194304,process-cluster,wcc,pecan,fused,passed,passed,passed,passed,[],True,40.20541808900089,5413023744,5270252544,5945540608.0,5945540608.0,,,12,,0.0,randomized_fused,,True,,12,9d7155aa2302d9dda4e93e48ee3fd81aac1ee637,70b0d1cab2cab945d4dbaf6842ee0e38c8aa1822,aa4b5fa6bd1a8e0ac833ec9db0862386777575c2,7353a7df02a624b3336f6c30d0968cbd42ae1f4bd3333ed6af9c638bbc77165a,c78f891d12cd38aca422eb453958cc0336e7f058cd895c1c808e8bbd01c8d806,1a69b2e7153eaac877967cc77c12930dadaca2d0eb07d344a223e9dfbb5d47ae
large-wcc-r1-hub-4194304-nutmeg-native-wcc-reference,91,1,large-wcc,hub-4194304,process-cluster,wcc,nutmeg-native,reference,passed,passed,passed,passed,[],True,50.56264412699966,4907409408,4774235136,5178998784.0,5642522624.0,24538076390,67108864,,,0.0,wcc,,True,,,9d7155aa2302d9dda4e93e48ee3fd81aac1ee637,70b0d1cab2cab945d4dbaf6842ee0e38c8aa1822,aa4b5fa6bd1a8e0ac833ec9db0862386777575c2,7353a7df02a624b3336f6c30d0968cbd42ae1f4bd3333ed6af9c638bbc77165a,c78f891d12cd38aca422eb453958cc0336e7f058cd895c1c808e8bbd01c8d806,1a69b2e7153eaac877967cc77c12930dadaca2d0eb07d344a223e9dfbb5d47ae
large-wcc-r1-uniform-2097152-nutmeg-native-wcc-reference,92,1,large-wcc,uniform-2097152,process-cluster,wcc,nutmeg-native,reference,passed,passed,passed,passed,[],True,18.885653211998942,3335643136,3202575360,3337424896.0,3559452672.0,12263898447,33554432,,,0.0,wcc,,True,,,9d7155aa2302d9dda4e93e48ee3fd81aac1ee637,70b0d1cab2cab945d4dbaf6842ee0e38c8aa1822,aa4b5fa6bd1a8e0ac833ec9db0862386777575c2,7353a7df02a624b3336f6c30d0968cbd42ae1f4bd3333ed6af9c638bbc77165a,c78f891d12cd38aca422eb453958cc0336e7f058cd895c1c808e8bbd01c8d806,5f7e683772622975b3ad72cd9bb6ea39c5f3a4e53f28f8e1675562e81f985509
large-wcc-r1-uniform-2097152-nutmeg-native-wcc-fused,93,1,large-wcc,uniform-2097152,process-cluster,wcc,nutmeg-native,fused,passed,passed,passed,passed,[],True,24.300645761999476,3411832832,3280808960,3514392576.0,3606872064.0,12263898447,899925744,12,,0.0,wccRandomizedFused,,True,,12,9d7155aa2302d9dda4e93e48ee3fd81aac1ee637,70b0d1cab2cab945d4dbaf6842ee0e38c8aa1822,aa4b5fa6bd1a8e0ac833ec9db0862386777575c2,7353a7df02a624b3336f6c30d0968cbd42ae1f4bd3333ed6af9c638bbc77165a,c78f891d12cd38aca422eb453958cc0336e7f058cd895c1c808e8bbd01c8d806,5f7e683772622975b3ad72cd9bb6ea39c5f3a4e53f28f8e1675562e81f985509
large-wcc-r1-uniform-2097152-pecan-wcc-optimized,94,1,large-wcc,uniform-2097152,process-cluster,wcc,pecan,optimized,passed,passed,passed,passed,[],True,29.16398571100035,3289276416,3144584192,3775205376.0,3775205376.0,,,12,,0.0,randomized,,True,,12,9d7155aa2302d9dda4e93e48ee3fd81aac1ee637,70b0d1cab2cab945d4dbaf6842ee0e38c8aa1822,aa4b5fa6bd1a8e0ac833ec9db0862386777575c2,7353a7df02a624b3336f6c30d0968cbd42ae1f4bd3333ed6af9c638bbc77165a,c78f891d12cd38aca422eb453958cc0336e7f058cd895c1c808e8bbd01c8d806,5f7e683772622975b3ad72cd9bb6ea39c5f3a4e53f28f8e1675562e81f985509
large-wcc-r1-hub-2097152-nutmeg-native-wcc-reference,95,1,large-wcc,hub-2097152,process-cluster,wcc,nutmeg-native,reference,passed,passed,passed,passed,[],True,25.498878878999676,3178221568,3047393280,3137900544.0,3530928128.0,12219029669,37914402,,,0.0,wcc,,True,,,9d7155aa2302d9dda4e93e48ee3fd81aac1ee637,70b0d1cab2cab945d4dbaf6842ee0e38c8aa1822,aa4b5fa6bd1a8e0ac833ec9db0862386777575c2,7353a7df02a624b3336f6c30d0968cbd42ae1f4bd3333ed6af9c638bbc77165a,c78f891d12cd38aca422eb453958cc0336e7f058cd895c1c808e8bbd01c8d806,8b8102805e497ca6ab30f05ea810daddc5329e4c90ee56ab18c69b33e3a4dbcb
large-wcc-r1-hub-2097152-pecan-wcc-fused,96,1,large-wcc,hub-2097152,process-cluster,wcc,pecan,fused,passed,passed,passed,passed,[],True,24.934649188999174,3760291840,3618823168,3936055296.0,3936055296.0,,,11,,0.0,randomized_fused,,True,,11,9d7155aa2302d9dda4e93e48ee3fd81aac1ee637,70b0d1cab2cab945d4dbaf6842ee0e38c8aa1822,aa4b5fa6bd1a8e0ac833ec9db0862386777575c2,7353a7df02a624b3336f6c30d0968cbd42ae1f4bd3333ed6af9c638bbc77165a,c78f891d12cd38aca422eb453958cc0336e7f058cd895c1c808e8bbd01c8d806,8b8102805e497ca6ab30f05ea810daddc5329e4c90ee56ab18c69b33e3a4dbcb
large-wcc-r1-hub-2097152-nutmeg-native-wcc-optimized,97,1,large-wcc,hub-2097152,process-cluster,wcc,nutmeg-native,optimized,passed,passed,passed,passed,[],True,30.463126739001382,3379953664,3248650240,3436564480.0,3646586880.0,12219029837,749478720,11,,0.0,wccRandomized,,True,,11,9d7155aa2302d9dda4e93e48ee3fd81aac1ee637,70b0d1cab2cab945d4dbaf6842ee0e38c8aa1822,aa4b5fa6bd1a8e0ac833ec9db0862386777575c2,7353a7df02a624b3336f6c30d0968cbd42ae1f4bd3333ed6af9c638bbc77165a,c78f891d12cd38aca422eb453958cc0336e7f058cd895c1c808e8bbd01c8d806,8b8102805e497ca6ab30f05ea810daddc5329e4c90ee56ab18c69b33e3a4dbcb
large-wcc-r1-uniform-4194304-nutmeg-datafusion-wcc-reference,98,1,large-wcc,uniform-4194304,process-cluster,wcc,nutmeg-datafusion,reference,passed,passed,passed,passed,[],True,62.841367697999885,7095083008,6965409792,7534460928.0,7534460928.0,,,8,,0.0,min_label,,True,,,9d7155aa2302d9dda4e93e48ee3fd81aac1ee637,70b0d1cab2cab945d4dbaf6842ee0e38c8aa1822,aa4b5fa6bd1a8e0ac833ec9db0862386777575c2,7353a7df02a624b3336f6c30d0968cbd42ae1f4bd3333ed6af9c638bbc77165a,c78f891d12cd38aca422eb453958cc0336e7f058cd895c1c808e8bbd01c8d806,e5a01efc286158987853be697c4cb128c7f4f8d9abfef8dee0929b0f5b6fa6b0
large-wcc-r1-hub-4194304-nutmeg-datafusion-wcc-reference,99,1,large-wcc,hub-4194304,process-cluster,wcc,nutmeg-datafusion,reference,passed,passed,passed,passed,[],True,89.98942066400014,6951043072,6805568512,7382941696.0,7382941696.0,,,6,,0.0,min_label,,True,,,9d7155aa2302d9dda4e93e48ee3fd81aac1ee637,70b0d1cab2cab945d4dbaf6842ee0e38c8aa1822,aa4b5fa6bd1a8e0ac833ec9db0862386777575c2,7353a7df02a624b3336f6c30d0968cbd42ae1f4bd3333ed6af9c638bbc77165a,c78f891d12cd38aca422eb453958cc0336e7f058cd895c1c808e8bbd01c8d806,1a69b2e7153eaac877967cc77c12930dadaca2d0eb07d344a223e9dfbb5d47ae
large-wcc-r1-hub-4194304-pecan-wcc-reference,100,1,large-wcc,hub-4194304,process-cluster,wcc,pecan,reference,passed,passed,passed,passed,[],True,63.0954870179994,5792358400,5671254016,6455963648.0,6455963648.0,,,6,,0.0,min_label,,True,,,9d7155aa2302d9dda4e93e48ee3fd81aac1ee637,70b0d1cab2cab945d4dbaf6842ee0e38c8aa1822,aa4b5fa6bd1a8e0ac833ec9db0862386777575c2,7353a7df02a624b3336f6c30d0968cbd42ae1f4bd3333ed6af9c638bbc77165a,c78f891d12cd38aca422eb453958cc0336e7f058cd895c1c808e8bbd01c8d806,1a69b2e7153eaac877967cc77c12930dadaca2d0eb07d344a223e9dfbb5d47ae
large-wcc-r1-uniform-2097152-pecan-wcc-fused,101,1,large-wcc,uniform-2097152,process-cluster,wcc,pecan,fused,passed,passed,passed,passed,[],True,24.596583847000147,3554017280,3408529408,3986583552.0,3986583552.0,,,12,,0.0,randomized_fused,,True,,12,9d7155aa2302d9dda4e93e48ee3fd81aac1ee637,70b0d1cab2cab945d4dbaf6842ee0e38c8aa1822,aa4b5fa6bd1a8e0ac833ec9db0862386777575c2,7353a7df02a624b3336f6c30d0968cbd42ae1f4bd3333ed6af9c638bbc77165a,c78f891d12cd38aca422eb453958cc0336e7f058cd895c1c808e8bbd01c8d806,5f7e683772622975b3ad72cd9bb6ea39c5f3a4e53f28f8e1675562e81f985509
large-wcc-r1-hub-2097152-nutmeg-native-wcc-fused,102,1,large-wcc,hub-2097152,process-cluster,wcc,nutmeg-native,fused,passed,passed,passed,passed,[],True,26.396049442999356,3393134592,3260140544,3487223808.0,3642458112.0,12219029757,579952400,11,,0.0,wccRandomizedFused,,True,,11,9d7155aa2302d9dda4e93e48ee3fd81aac1ee637,70b0d1cab2cab945d4dbaf6842ee0e38c8aa1822,aa4b5fa6bd1a8e0ac833ec9db0862386777575c2,7353a7df02a624b3336f6c30d0968cbd42ae1f4bd3333ed6af9c638bbc77165a,c78f891d12cd38aca422eb453958cc0336e7f058cd895c1c808e8bbd01c8d806,8b8102805e497ca6ab30f05ea810daddc5329e4c90ee56ab18c69b33e3a4dbcb
large-wcc-r1-hub-4194304-nutmeg-native-wcc-optimized,103,1,large-wcc,hub-4194304,process-cluster,wcc,nutmeg-native,optimized,passed,passed,passed,passed,[],True,60.728199674998905,5615935488,5484529664,5837873152.0,5837873152.0,24538076482,1159393252,12,,0.0,wccRandomized,,True,,12,9d7155aa2302d9dda4e93e48ee3fd81aac1ee637,70b0d1cab2cab945d4dbaf6842ee0e38c8aa1822,aa4b5fa6bd1a8e0ac833ec9db0862386777575c2,7353a7df02a624b3336f6c30d0968cbd42ae1f4bd3333ed6af9c638bbc77165a,c78f891d12cd38aca422eb453958cc0336e7f058cd895c1c808e8bbd01c8d806,1a69b2e7153eaac877967cc77c12930dadaca2d0eb07d344a223e9dfbb5d47ae
large-wcc-r1-uniform-2097152-nutmeg-native-wcc-optimized,104,1,large-wcc,uniform-2097152,process-cluster,wcc,nutmeg-native,optimized,passed,passed,passed,passed,[],True,31.394176707999577,3392540672,3263949824,3496194048.0,3642687488.0,12263898447,749707964,12,,0.0,wccRandomized,,True,,12,9d7155aa2302d9dda4e93e48ee3fd81aac1ee637,70b0d1cab2cab945d4dbaf6842ee0e38c8aa1822,aa4b5fa6bd1a8e0ac833ec9db0862386777575c2,7353a7df02a624b3336f6c30d0968cbd42ae1f4bd3333ed6af9c638bbc77165a,c78f891d12cd38aca422eb453958cc0336e7f058cd895c1c808e8bbd01c8d806,5f7e683772622975b3ad72cd9bb6ea39c5f3a4e53f28f8e1675562e81f985509
large-wcc-r1-uniform-2097152-nutmeg-datafusion-wcc-fused,105,1,large-wcc,uniform-2097152,process-cluster,wcc,nutmeg-datafusion,fused,passed,passed,passed,passed,[],True,26.367411298999286,3501355008,3356175360,3922624512.0,3922624512.0,,,12,,0.0,randomized_fused,,True,,12,9d7155aa2302d9dda4e93e48ee3fd81aac1ee637,70b0d1cab2cab945d4dbaf6842ee0e38c8aa1822,aa4b5fa6bd1a8e0ac833ec9db0862386777575c2,7353a7df02a624b3336f6c30d0968cbd42ae1f4bd3333ed6af9c638bbc77165a,c78f891d12cd38aca422eb453958cc0336e7f058cd895c1c808e8bbd01c8d806,5f7e683772622975b3ad72cd9bb6ea39c5f3a4e53f28f8e1675562e81f985509
large-wcc-r1-uniform-4194304-nutmeg-datafusion-wcc-optimized,106,1,large-wcc,uniform-4194304,process-cluster,wcc,nutmeg-datafusion,optimized,passed,passed,passed,passed,[],True,58.897157839999636,4384645120,4215461888,5143236608.0,5143236608.0,,,13,,0.0,randomized,,True,,13,9d7155aa2302d9dda4e93e48ee3fd81aac1ee637,70b0d1cab2cab945d4dbaf6842ee0e38c8aa1822,aa4b5fa6bd1a8e0ac833ec9db0862386777575c2,7353a7df02a624b3336f6c30d0968cbd42ae1f4bd3333ed6af9c638bbc77165a,c78f891d12cd38aca422eb453958cc0336e7f058cd895c1c808e8bbd01c8d806,e5a01efc286158987853be697c4cb128c7f4f8d9abfef8dee0929b0f5b6fa6b0
large-wcc-r1-uniform-4194304-nutmeg-native-wcc-reference,107,1,large-wcc,uniform-4194304,process-cluster,wcc,nutmeg-native,reference,passed,passed,passed,passed,[],True,54.47647058399889,4843233280,4713667584,5092270080.0,5468684288.0,24627793852,67108864,,,0.0,wcc,,True,,,9d7155aa2302d9dda4e93e48ee3fd81aac1ee637,70b0d1cab2cab945d4dbaf6842ee0e38c8aa1822,aa4b5fa6bd1a8e0ac833ec9db0862386777575c2,7353a7df02a624b3336f6c30d0968cbd42ae1f4bd3333ed6af9c638bbc77165a,c78f891d12cd38aca422eb453958cc0336e7f058cd895c1c808e8bbd01c8d806,e5a01efc286158987853be697c4cb128c7f4f8d9abfef8dee0929b0f5b6fa6b0
large-wcc-r1-uniform-2097152-nutmeg-datafusion-wcc-reference,108,1,large-wcc,uniform-2097152,process-cluster,wcc,nutmeg-datafusion,reference,passed,passed,passed,passed,[],True,39.52611203400011,4170747904,4037224448,4515598336.0,4515598336.0,,,8,,0.0,min_label,,True,,,9d7155aa2302d9dda4e93e48ee3fd81aac1ee637,70b0d1cab2cab945d4dbaf6842ee0e38c8aa1822,aa4b5fa6bd1a8e0ac833ec9db0862386777575c2,7353a7df02a624b3336f6c30d0968cbd42ae1f4bd3333ed6af9c638bbc77165a,c78f891d12cd38aca422eb453958cc0336e7f058cd895c1c808e8bbd01c8d806,5f7e683772622975b3ad72cd9bb6ea39c5f3a4e53f28f8e1675562e81f985509
large-wcc-r2-uniform-2097152-pecan-wcc-optimized,109,2,large-wcc,uniform-2097152,process-cluster,wcc,pecan,optimized,passed,passed,passed,passed,[],True,29.777952594000453,3166445568,3017838592,3660722176.0,3660722176.0,,,12,,0.0,randomized,,True,,12,9d7155aa2302d9dda4e93e48ee3fd81aac1ee637,70b0d1cab2cab945d4dbaf6842ee0e38c8aa1822,aa4b5fa6bd1a8e0ac833ec9db0862386777575c2,7353a7df02a624b3336f6c30d0968cbd42ae1f4bd3333ed6af9c638bbc77165a,c78f891d12cd38aca422eb453958cc0336e7f058cd895c1c808e8bbd01c8d806,5f7e683772622975b3ad72cd9bb6ea39c5f3a4e53f28f8e1675562e81f985509
large-wcc-r2-uniform-4194304-nutmeg-native-wcc-optimized,110,2,large-wcc,uniform-4194304,process-cluster,wcc,nutmeg-native,optimized,passed,passed,passed,passed,[],True,58.564027045998955,5668147200,5538282496,5958709248.0,5958709248.0,24627793852,1221789812,13,,0.0,wccRandomized,,True,,13,9d7155aa2302d9dda4e93e48ee3fd81aac1ee637,70b0d1cab2cab945d4dbaf6842ee0e38c8aa1822,aa4b5fa6bd1a8e0ac833ec9db0862386777575c2,7353a7df02a624b3336f6c30d0968cbd42ae1f4bd3333ed6af9c638bbc77165a,c78f891d12cd38aca422eb453958cc0336e7f058cd895c1c808e8bbd01c8d806,e5a01efc286158987853be697c4cb128c7f4f8d9abfef8dee0929b0f5b6fa6b0
large-wcc-r2-hub-2097152-nutmeg-native-wcc-fused,111,2,large-wcc,hub-2097152,process-cluster,wcc,nutmeg-native,fused,passed,passed,passed,passed,[],True,32.97477311399962,3417636864,3283196928,3492225024.0,3609563136.0,12219029713,644872332,11,,0.0,wccRandomizedFused,,True,,11,9d7155aa2302d9dda4e93e48ee3fd81aac1ee637,70b0d1cab2cab945d4dbaf6842ee0e38c8aa1822,aa4b5fa6bd1a8e0ac833ec9db0862386777575c2,7353a7df02a624b3336f6c30d0968cbd42ae1f4bd3333ed6af9c638bbc77165a,c78f891d12cd38aca422eb453958cc0336e7f058cd895c1c808e8bbd01c8d806,8b8102805e497ca6ab30f05ea810daddc5329e4c90ee56ab18c69b33e3a4dbcb
large-wcc-r2-hub-4194304-nutmeg-datafusion-wcc-reference,112,2,large-wcc,hub-4194304,process-cluster,wcc,nutmeg-datafusion,reference,passed,passed,passed,passed,[],True,58.90006910499869,6255693824,6132313088,6859640832.0,6859640832.0,,,6,,0.0,min_label,,True,,,9d7155aa2302d9dda4e93e48ee3fd81aac1ee637,70b0d1cab2cab945d4dbaf6842ee0e38c8aa1822,aa4b5fa6bd1a8e0ac833ec9db0862386777575c2,7353a7df02a624b3336f6c30d0968cbd42ae1f4bd3333ed6af9c638bbc77165a,c78f891d12cd38aca422eb453958cc0336e7f058cd895c1c808e8bbd01c8d806,1a69b2e7153eaac877967cc77c12930dadaca2d0eb07d344a223e9dfbb5d47ae
large-wcc-r2-uniform-4194304-pecan-wcc-reference,113,2,large-wcc,uniform-4194304,process-cluster,wcc,pecan,reference,passed,passed,passed,passed,[],True,71.84183727199888,6440996864,6326888448,7102312448.0,7102312448.0,,,8,,0.0,min_label,,True,,,9d7155aa2302d9dda4e93e48ee3fd81aac1ee637,70b0d1cab2cab945d4dbaf6842ee0e38c8aa1822,aa4b5fa6bd1a8e0ac833ec9db0862386777575c2,7353a7df02a624b3336f6c30d0968cbd42ae1f4bd3333ed6af9c638bbc77165a,c78f891d12cd38aca422eb453958cc0336e7f058cd895c1c808e8bbd01c8d806,e5a01efc286158987853be697c4cb128c7f4f8d9abfef8dee0929b0f5b6fa6b0
large-wcc-r2-hub-4194304-nutmeg-native-wcc-optimized,114,2,large-wcc,hub-4194304,process-cluster,wcc,nutmeg-native,optimized,passed,passed,passed,passed,[],True,58.09981211400009,5704011776,5570635776,6010298368.0,6010298368.0,24538076374,1172665656,12,,0.0,wccRandomized,,True,,12,9d7155aa2302d9dda4e93e48ee3fd81aac1ee637,70b0d1cab2cab945d4dbaf6842ee0e38c8aa1822,aa4b5fa6bd1a8e0ac833ec9db0862386777575c2,7353a7df02a624b3336f6c30d0968cbd42ae1f4bd3333ed6af9c638bbc77165a,c78f891d12cd38aca422eb453958cc0336e7f058cd895c1c808e8bbd01c8d806,1a69b2e7153eaac877967cc77c12930dadaca2d0eb07d344a223e9dfbb5d47ae
large-wcc-r2-uniform-4194304-nutmeg-native-wcc-reference,115,2,large-wcc,uniform-4194304,process-cluster,wcc,nutmeg-native,reference,passed,passed,passed,passed,[],True,50.22455009300029,4851347456,4721081344,5113196544.0,5609005056.0,24627793852,67108864,,,0.0,wcc,,True,,,9d7155aa2302d9dda4e93e48ee3fd81aac1ee637,70b0d1cab2cab945d4dbaf6842ee0e38c8aa1822,aa4b5fa6bd1a8e0ac833ec9db0862386777575c2,7353a7df02a624b3336f6c30d0968cbd42ae1f4bd3333ed6af9c638bbc77165a,c78f891d12cd38aca422eb453958cc0336e7f058cd895c1c808e8bbd01c8d806,e5a01efc286158987853be697c4cb128c7f4f8d9abfef8dee0929b0f5b6fa6b0
large-wcc-r2-uniform-2097152-nutmeg-native-wcc-optimized,116,2,large-wcc,uniform-2097152,process-cluster,wcc,nutmeg-native,optimized,passed,passed,passed,passed,[],True,25.099052706000293,3415658496,3285166080,3502137344.0,3644366848.0,12263898447,583163704,12,,0.0,wccRandomized,,True,,12,9d7155aa2302d9dda4e93e48ee3fd81aac1ee637,70b0d1cab2cab945d4dbaf6842ee0e38c8aa1822,aa4b5fa6bd1a8e0ac833ec9db0862386777575c2,7353a7df02a624b3336f6c30d0968cbd42ae1f4bd3333ed6af9c638bbc77165a,c78f891d12cd38aca422eb453958cc0336e7f058cd895c1c808e8bbd01c8d806,5f7e683772622975b3ad72cd9bb6ea39c5f3a4e53f28f8e1675562e81f985509
large-wcc-r2-hub-2097152-pecan-wcc-reference,117,2,large-wcc,hub-2097152,process-cluster,wcc,pecan,reference,passed,passed,passed,passed,[],True,25.97678395999901,4516818944,4380859392,4644069376.0,4644069376.0,,,6,,0.0,min_label,,True,,,9d7155aa2302d9dda4e93e48ee3fd81aac1ee637,70b0d1cab2cab945d4dbaf6842ee0e38c8aa1822,aa4b5fa6bd1a8e0ac833ec9db0862386777575c2,7353a7df02a624b3336f6c30d0968cbd42ae1f4bd3333ed6af9c638bbc77165a,c78f891d12cd38aca422eb453958cc0336e7f058cd895c1c808e8bbd01c8d806,8b8102805e497ca6ab30f05ea810daddc5329e4c90ee56ab18c69b33e3a4dbcb
large-wcc-r2-uniform-2097152-nutmeg-datafusion-wcc-reference,118,2,large-wcc,uniform-2097152,process-cluster,wcc,nutmeg-datafusion,reference,passed,passed,passed,passed,[],True,31.76568558500003,4823478272,4678720512,5015646208.0,5015646208.0,,,8,,0.0,min_label,,True,,,9d7155aa2302d9dda4e93e48ee3fd81aac1ee637,70b0d1cab2cab945d4dbaf6842ee0e38c8aa1822,aa4b5fa6bd1a8e0ac833ec9db0862386777575c2,7353a7df02a624b3336f6c30d0968cbd42ae1f4bd3333ed6af9c638bbc77165a,c78f891d12cd38aca422eb453958cc0336e7f058cd895c1c808e8bbd01c8d806,5f7e683772622975b3ad72cd9bb6ea39c5f3a4e53f28f8e1675562e81f985509
large-wcc-r2-hub-4194304-nutmeg-datafusion-wcc-fused,119,2,large-wcc,hub-4194304,process-cluster,wcc,nutmeg-datafusion,fused,passed,passed,passed,passed,[],True,39.7587245099985,5442838528,5301471232,5947711488.0,5947711488.0,,,12,,0.0,randomized_fused,,True,,12,9d7155aa2302d9dda4e93e48ee3fd81aac1ee637,70b0d1cab2cab945d4dbaf6842ee0e38c8aa1822,aa4b5fa6bd1a8e0ac833ec9db0862386777575c2,7353a7df02a624b3336f6c30d0968cbd42ae1f4bd3333ed6af9c638bbc77165a,c78f891d12cd38aca422eb453958cc0336e7f058cd895c1c808e8bbd01c8d806,1a69b2e7153eaac877967cc77c12930dadaca2d0eb07d344a223e9dfbb5d47ae
large-wcc-r2-hub-2097152-nutmeg-datafusion-wcc-optimized,120,2,large-wcc,hub-2097152,process-cluster,wcc,nutmeg-datafusion,optimized,passed,passed,passed,passed,[],True,24.710300587001257,3209097216,3067292672,3860987904.0,3860987904.0,,,11,,0.0,randomized,,True,,11,9d7155aa2302d9dda4e93e48ee3fd81aac1ee637,70b0d1cab2cab945d4dbaf6842ee0e38c8aa1822,aa4b5fa6bd1a8e0ac833ec9db0862386777575c2,7353a7df02a624b3336f6c30d0968cbd42ae1f4bd3333ed6af9c638bbc77165a,c78f891d12cd38aca422eb453958cc0336e7f058cd895c1c808e8bbd01c8d806,8b8102805e497ca6ab30f05ea810daddc5329e4c90ee56ab18c69b33e3a4dbcb
large-wcc-r2-hub-2097152-nutmeg-native-wcc-reference,121,2,large-wcc,hub-2097152,process-cluster,wcc,nutmeg-native,reference,passed,passed,passed,passed,[],True,19.251011215999824,3301924864,3171211264,3288178688.0,3544940544.0,12219029905,33554432,,,0.0,wcc,,True,,,9d7155aa2302d9dda4e93e48ee3fd81aac1ee637,70b0d1cab2cab945d4dbaf6842ee0e38c8aa1822,aa4b5fa6bd1a8e0ac833ec9db0862386777575c2,7353a7df02a624b3336f6c30d0968cbd42ae1f4bd3333ed6af9c638bbc77165a,c78f891d12cd38aca422eb453958cc0336e7f058cd895c1c808e8bbd01c8d806,8b8102805e497ca6ab30f05ea810daddc5329e4c90ee56ab18c69b33e3a4dbcb
large-wcc-r2-uniform-4194304-nutmeg-datafusion-wcc-fused,122,2,large-wcc,uniform-4194304,process-cluster,wcc,nutmeg-datafusion,fused,passed,passed,passed,passed,[],True,40.42912878899915,5269798912,5118052352,5838442496.0,5838442496.0,,,13,,0.0,randomized_fused,,True,,13,9d7155aa2302d9dda4e93e48ee3fd81aac1ee637,70b0d1cab2cab945d4dbaf6842ee0e38c8aa1822,aa4b5fa6bd1a8e0ac833ec9db0862386777575c2,7353a7df02a624b3336f6c30d0968cbd42ae1f4bd3333ed6af9c638bbc77165a,c78f891d12cd38aca422eb453958cc0336e7f058cd895c1c808e8bbd01c8d806,e5a01efc286158987853be697c4cb128c7f4f8d9abfef8dee0929b0f5b6fa6b0
large-wcc-r2-hub-2097152-nutmeg-native-wcc-optimized,123,2,large-wcc,hub-2097152,process-cluster,wcc,nutmeg-native,optimized,passed,passed,passed,passed,[],True,25.797751218000485,3426713600,3295554560,3522719744.0,3731853312.0,12219029877,758261456,11,,0.0,wccRandomized,,True,,11,9d7155aa2302d9dda4e93e48ee3fd81aac1ee637,70b0d1cab2cab945d4dbaf6842ee0e38c8aa1822,aa4b5fa6bd1a8e0ac833ec9db0862386777575c2,7353a7df02a624b3336f6c30d0968cbd42ae1f4bd3333ed6af9c638bbc77165a,c78f891d12cd38aca422eb453958cc0336e7f058cd895c1c808e8bbd01c8d806,8b8102805e497ca6ab30f05ea810daddc5329e4c90ee56ab18c69b33e3a4dbcb
large-wcc-r2-uniform-4194304-nutmeg-datafusion-wcc-optimized,124,2,large-wcc,uniform-4194304,process-cluster,wcc,nutmeg-datafusion,optimized,passed,passed,passed,passed,[],True,48.21617612800037,4720570368,4560660480,5531664384.0,5531664384.0,,,13,,0.0,randomized,,True,,13,9d7155aa2302d9dda4e93e48ee3fd81aac1ee637,70b0d1cab2cab945d4dbaf6842ee0e38c8aa1822,aa4b5fa6bd1a8e0ac833ec9db0862386777575c2,7353a7df02a624b3336f6c30d0968cbd42ae1f4bd3333ed6af9c638bbc77165a,c78f891d12cd38aca422eb453958cc0336e7f058cd895c1c808e8bbd01c8d806,e5a01efc286158987853be697c4cb128c7f4f8d9abfef8dee0929b0f5b6fa6b0
large-wcc-r2-uniform-4194304-nutmeg-native-wcc-fused,125,2,large-wcc,uniform-4194304,process-cluster,wcc,nutmeg-native,fused,passed,passed,passed,passed,[],True,63.235447461998774,5547810816,5416983552,5715427328.0,5715427328.0,24627793852,1157908208,13,,0.0,wccRandomizedFused,,True,,13,9d7155aa2302d9dda4e93e48ee3fd81aac1ee637,70b0d1cab2cab945d4dbaf6842ee0e38c8aa1822,aa4b5fa6bd1a8e0ac833ec9db0862386777575c2,7353a7df02a624b3336f6c30d0968cbd42ae1f4bd3333ed6af9c638bbc77165a,c78f891d12cd38aca422eb453958cc0336e7f058cd895c1c808e8bbd01c8d806,e5a01efc286158987853be697c4cb128c7f4f8d9abfef8dee0929b0f5b6fa6b0
large-wcc-r2-uniform-2097152-nutmeg-native-wcc-fused,126,2,large-wcc,uniform-2097152,process-cluster,wcc,nutmeg-native,fused,passed,passed,passed,passed,[],True,24.623188370000207,3387727872,3253410816,3475292160.0,3687845888.0,12263898447,675054680,12,,0.0,wccRandomizedFused,,True,,12,9d7155aa2302d9dda4e93e48ee3fd81aac1ee637,70b0d1cab2cab945d4dbaf6842ee0e38c8aa1822,aa4b5fa6bd1a8e0ac833ec9db0862386777575c2,7353a7df02a624b3336f6c30d0968cbd42ae1f4bd3333ed6af9c638bbc77165a,c78f891d12cd38aca422eb453958cc0336e7f058cd895c1c808e8bbd01c8d806,5f7e683772622975b3ad72cd9bb6ea39c5f3a4e53f28f8e1675562e81f985509
large-wcc-r2-hub-4194304-nutmeg-native-wcc-reference,127,2,large-wcc,hub-4194304,process-cluster,wcc,nutmeg-native,reference,passed,passed,passed,passed,[],True,50.74699882200002,4901830656,4769298432,5125677056.0,5559975936.0,24538076370,67108864,,,0.0,wcc,,True,,,9d7155aa2302d9dda4e93e48ee3fd81aac1ee637,70b0d1cab2cab945d4dbaf6842ee0e38c8aa1822,aa4b5fa6bd1a8e0ac833ec9db0862386777575c2,7353a7df02a624b3336f6c30d0968cbd42ae1f4bd3333ed6af9c638bbc77165a,c78f891d12cd38aca422eb453958cc0336e7f058cd895c1c808e8bbd01c8d806,1a69b2e7153eaac877967cc77c12930dadaca2d0eb07d344a223e9dfbb5d47ae
large-wcc-r2-uniform-2097152-nutmeg-datafusion-wcc-fused,128,2,large-wcc,uniform-2097152,process-cluster,wcc,nutmeg-datafusion,fused,passed,passed,passed,passed,[],True,20.953903600000558,3650531328,3508841472,3938078720.0,3938078720.0,,,12,,0.0,randomized_fused,,True,,12,9d7155aa2302d9dda4e93e48ee3fd81aac1ee637,70b0d1cab2cab945d4dbaf6842ee0e38c8aa1822,aa4b5fa6bd1a8e0ac833ec9db0862386777575c2,7353a7df02a624b3336f6c30d0968cbd42ae1f4bd3333ed6af9c638bbc77165a,c78f891d12cd38aca422eb453958cc0336e7f058cd895c1c808e8bbd01c8d806,5f7e683772622975b3ad72cd9bb6ea39c5f3a4e53f28f8e1675562e81f985509
large-wcc-r2-uniform-2097152-nutmeg-datafusion-wcc-optimized,129,2,large-wcc,uniform-2097152,process-cluster,wcc,nutmeg-datafusion,optimized,passed,passed,passed,passed,[],True,25.999387112000477,3207233536,3066805248,3745234944.0,3745234944.0,,,12,,0.0,randomized,,True,,12,9d7155aa2302d9dda4e93e48ee3fd81aac1ee637,70b0d1cab2cab945d4dbaf6842ee0e38c8aa1822,aa4b5fa6bd1a8e0ac833ec9db0862386777575c2,7353a7df02a624b3336f6c30d0968cbd42ae1f4bd3333ed6af9c638bbc77165a,c78f891d12cd38aca422eb453958cc0336e7f058cd895c1c808e8bbd01c8d806,5f7e683772622975b3ad72cd9bb6ea39c5f3a4e53f28f8e1675562e81f985509
large-wcc-r2-uniform-4194304-nutmeg-datafusion-wcc-reference,130,2,large-wcc,uniform-4194304,process-cluster,wcc,nutmeg-datafusion,reference,passed,passed,passed,passed,[],True,62.759988378000344,6302674944,6163950592,6918864896.0,6918864896.0,,,8,,0.0,min_label,,True,,,9d7155aa2302d9dda4e93e48ee3fd81aac1ee637,70b0d1cab2cab945d4dbaf6842ee0e38c8aa1822,aa4b5fa6bd1a8e0ac833ec9db0862386777575c2,7353a7df02a624b3336f6c30d0968cbd42ae1f4bd3333ed6af9c638bbc77165a,c78f891d12cd38aca422eb453958cc0336e7f058cd895c1c808e8bbd01c8d806,e5a01efc286158987853be697c4cb128c7f4f8d9abfef8dee0929b0f5b6fa6b0
large-wcc-r2-hub-4194304-nutmeg-datafusion-wcc-optimized,131,2,large-wcc,hub-4194304,process-cluster,wcc,nutmeg-datafusion,optimized,passed,passed,passed,passed,[],True,50.861128927999744,4518928384,4385319936,5284986880.0,5284986880.0,,,12,,0.0,randomized,,True,,12,9d7155aa2302d9dda4e93e48ee3fd81aac1ee637,70b0d1cab2cab945d4dbaf6842ee0e38c8aa1822,aa4b5fa6bd1a8e0ac833ec9db0862386777575c2,7353a7df02a624b3336f6c30d0968cbd42ae1f4bd3333ed6af9c638bbc77165a,c78f891d12cd38aca422eb453958cc0336e7f058cd895c1c808e8bbd01c8d806,1a69b2e7153eaac877967cc77c12930dadaca2d0eb07d344a223e9dfbb5d47ae
large-wcc-r2-uniform-2097152-nutmeg-native-wcc-reference,132,2,large-wcc,uniform-2097152,process-cluster,wcc,nutmeg-native,reference,passed,passed,passed,passed,[],True,19.88325357299982,3388030976,3258203136,3413504000.0,3546574848.0,12263898447,33554432,,,0.0,wcc,,True,,,9d7155aa2302d9dda4e93e48ee3fd81aac1ee637,70b0d1cab2cab945d4dbaf6842ee0e38c8aa1822,aa4b5fa6bd1a8e0ac833ec9db0862386777575c2,7353a7df02a624b3336f6c30d0968cbd42ae1f4bd3333ed6af9c638bbc77165a,c78f891d12cd38aca422eb453958cc0336e7f058cd895c1c808e8bbd01c8d806,5f7e683772622975b3ad72cd9bb6ea39c5f3a4e53f28f8e1675562e81f985509
large-wcc-r2-uniform-2097152-pecan-wcc-reference,133,2,large-wcc,uniform-2097152,process-cluster,wcc,pecan,reference,passed,timeout,timeout,timeout,[],False,,4416794624,4278713344,4601909248.0,4601909248.0,,,,,0.0,min_label,1800.0833901160004,True,,,9d7155aa2302d9dda4e93e48ee3fd81aac1ee637,70b0d1cab2cab945d4dbaf6842ee0e38c8aa1822,aa4b5fa6bd1a8e0ac833ec9db0862386777575c2,7353a7df02a624b3336f6c30d0968cbd42ae1f4bd3333ed6af9c638bbc77165a,,
large-wcc-r2-hub-2097152-pecan-wcc-optimized,134,2,large-wcc,hub-2097152,process-cluster,wcc,pecan,optimized,passed,passed,passed,passed,[],True,24.042442462001418,3314585600,3124255744,3918151680.0,3918151680.0,,,11,,0.0,randomized,,True,,11,9d7155aa2302d9dda4e93e48ee3fd81aac1ee637,70b0d1cab2cab945d4dbaf6842ee0e38c8aa1822,aa4b5fa6bd1a8e0ac833ec9db0862386777575c2,7353a7df02a624b3336f6c30d0968cbd42ae1f4bd3333ed6af9c638bbc77165a,c78f891d12cd38aca422eb453958cc0336e7f058cd895c1c808e8bbd01c8d806,8b8102805e497ca6ab30f05ea810daddc5329e4c90ee56ab18c69b33e3a4dbcb
large-wcc-r2-hub-4194304-pecan-wcc-reference,135,2,large-wcc,hub-4194304,process-cluster,wcc,pecan,reference,passed,passed,passed,passed,[],True,49.84435952199965,6421041152,6268321792,7024918528.0,7024918528.0,,,6,,0.0,min_label,,True,,,9d7155aa2302d9dda4e93e48ee3fd81aac1ee637,70b0d1cab2cab945d4dbaf6842ee0e38c8aa1822,aa4b5fa6bd1a8e0ac833ec9db0862386777575c2,7353a7df02a624b3336f6c30d0968cbd42ae1f4bd3333ed6af9c638bbc77165a,c78f891d12cd38aca422eb453958cc0336e7f058cd895c1c808e8bbd01c8d806,1a69b2e7153eaac877967cc77c12930dadaca2d0eb07d344a223e9dfbb5d47ae
large-wcc-r2-hub-4194304-pecan-wcc-fused,136,2,large-wcc,hub-4194304,process-cluster,wcc,pecan,fused,passed,passed,passed,passed,[],True,40.82195565800066,5442453504,5296774144,5901983744.0,5901983744.0,,,12,,0.0,randomized_fused,,True,,12,9d7155aa2302d9dda4e93e48ee3fd81aac1ee637,70b0d1cab2cab945d4dbaf6842ee0e38c8aa1822,aa4b5fa6bd1a8e0ac833ec9db0862386777575c2,7353a7df02a624b3336f6c30d0968cbd42ae1f4bd3333ed6af9c638bbc77165a,c78f891d12cd38aca422eb453958cc0336e7f058cd895c1c808e8bbd01c8d806,1a69b2e7153eaac877967cc77c12930dadaca2d0eb07d344a223e9dfbb5d47ae
large-wcc-r2-hub-4194304-pecan-wcc-optimized,137,2,large-wcc,hub-4194304,process-cluster,wcc,pecan,optimized,passed,passed,passed,passed,[],True,49.0914789010003,4431724544,4272270336,5188063232.0,5188063232.0,,,12,,0.0,randomized,,True,,12,9d7155aa2302d9dda4e93e48ee3fd81aac1ee637,70b0d1cab2cab945d4dbaf6842ee0e38c8aa1822,aa4b5fa6bd1a8e0ac833ec9db0862386777575c2,7353a7df02a624b3336f6c30d0968cbd42ae1f4bd3333ed6af9c638bbc77165a,c78f891d12cd38aca422eb453958cc0336e7f058cd895c1c808e8bbd01c8d806,1a69b2e7153eaac877967cc77c12930dadaca2d0eb07d344a223e9dfbb5d47ae
large-wcc-r2-uniform-2097152-pecan-wcc-fused,138,2,large-wcc,uniform-2097152,process-cluster,wcc,pecan,fused,passed,passed,passed,passed,[],True,21.990130707999924,3494445056,3353938944,3857977344.0,3857977344.0,,,12,,0.0,randomized_fused,,True,,12,9d7155aa2302d9dda4e93e48ee3fd81aac1ee637,70b0d1cab2cab945d4dbaf6842ee0e38c8aa1822,aa4b5fa6bd1a8e0ac833ec9db0862386777575c2,7353a7df02a624b3336f6c30d0968cbd42ae1f4bd3333ed6af9c638bbc77165a,c78f891d12cd38aca422eb453958cc0336e7f058cd895c1c808e8bbd01c8d806,5f7e683772622975b3ad72cd9bb6ea39c5f3a4e53f28f8e1675562e81f985509
large-wcc-r2-hub-2097152-pecan-wcc-fused,139,2,large-wcc,hub-2097152,process-cluster,wcc,pecan,fused,passed,passed,passed,passed,[],True,20.64463772199997,3492433920,3348941824,3933458432.0,3933458432.0,,,11,,0.0,randomized_fused,,True,,11,9d7155aa2302d9dda4e93e48ee3fd81aac1ee637,70b0d1cab2cab945d4dbaf6842ee0e38c8aa1822,aa4b5fa6bd1a8e0ac833ec9db0862386777575c2,7353a7df02a624b3336f6c30d0968cbd42ae1f4bd3333ed6af9c638bbc77165a,c78f891d12cd38aca422eb453958cc0336e7f058cd895c1c808e8bbd01c8d806,8b8102805e497ca6ab30f05ea810daddc5329e4c90ee56ab18c69b33e3a4dbcb
large-wcc-r2-hub-2097152-nutmeg-datafusion-wcc-fused,140,2,large-wcc,hub-2097152,process-cluster,wcc,nutmeg-datafusion,fused,passed,passed,passed,passed,[],True,23.04663464300029,3912740864,3774437376,4094652416.0,4094652416.0,,,11,,0.0,randomized_fused,,True,,11,9d7155aa2302d9dda4e93e48ee3fd81aac1ee637,70b0d1cab2cab945d4dbaf6842ee0e38c8aa1822,aa4b5fa6bd1a8e0ac833ec9db0862386777575c2,7353a7df02a624b3336f6c30d0968cbd42ae1f4bd3333ed6af9c638bbc77165a,c78f891d12cd38aca422eb453958cc0336e7f058cd895c1c808e8bbd01c8d806,8b8102805e497ca6ab30f05ea810daddc5329e4c90ee56ab18c69b33e3a4dbcb
large-wcc-r2-uniform-4194304-pecan-wcc-optimized,141,2,large-wcc,uniform-4194304,process-cluster,wcc,pecan,optimized,passed,passed,passed,passed,[],True,52.983107089999976,4795473920,4656691200,5640359936.0,5640359936.0,,,13,,0.0,randomized,,True,,13,9d7155aa2302d9dda4e93e48ee3fd81aac1ee637,70b0d1cab2cab945d4dbaf6842ee0e38c8aa1822,aa4b5fa6bd1a8e0ac833ec9db0862386777575c2,7353a7df02a624b3336f6c30d0968cbd42ae1f4bd3333ed6af9c638bbc77165a,c78f891d12cd38aca422eb453958cc0336e7f058cd895c1c808e8bbd01c8d806,e5a01efc286158987853be697c4cb128c7f4f8d9abfef8dee0929b0f5b6fa6b0
large-wcc-r2-hub-4194304-nutmeg-native-wcc-fused,142,2,large-wcc,hub-4194304,process-cluster,wcc,nutmeg-native,fused,passed,passed,passed,passed,[],True,64.1022151899997,5563092992,5433187328,5744525312.0,5744525312.0,24538076298,1157779376,12,,0.0,wccRandomizedFused,,True,,12,9d7155aa2302d9dda4e93e48ee3fd81aac1ee637,70b0d1cab2cab945d4dbaf6842ee0e38c8aa1822,aa4b5fa6bd1a8e0ac833ec9db0862386777575c2,7353a7df02a624b3336f6c30d0968cbd42ae1f4bd3333ed6af9c638bbc77165a,c78f891d12cd38aca422eb453958cc0336e7f058cd895c1c808e8bbd01c8d806,1a69b2e7153eaac877967cc77c12930dadaca2d0eb07d344a223e9dfbb5d47ae
large-wcc-r2-uniform-4194304-pecan-wcc-fused,143,2,large-wcc,uniform-4194304,process-cluster,wcc,pecan,fused,passed,passed,passed,passed,[],True,42.20272082199881,5336231936,5192808448,5794537472.0,5794537472.0,,,13,,0.0,randomized_fused,,True,,13,9d7155aa2302d9dda4e93e48ee3fd81aac1ee637,70b0d1cab2cab945d4dbaf6842ee0e38c8aa1822,aa4b5fa6bd1a8e0ac833ec9db0862386777575c2,7353a7df02a624b3336f6c30d0968cbd42ae1f4bd3333ed6af9c638bbc77165a,c78f891d12cd38aca422eb453958cc0336e7f058cd895c1c808e8bbd01c8d806,e5a01efc286158987853be697c4cb128c7f4f8d9abfef8dee0929b0f5b6fa6b0
large-wcc-r2-hub-2097152-nutmeg-datafusion-wcc-reference,144,2,large-wcc,hub-2097152,process-cluster,wcc,nutmeg-datafusion,reference,passed,passed,passed,passed,[],True,27.445256446000712,4481785856,4294467584,4654977024.0,4654977024.0,,,6,,0.0,min_label,,True,,,9d7155aa2302d9dda4e93e48ee3fd81aac1ee637,70b0d1cab2cab945d4dbaf6842ee0e38c8aa1822,aa4b5fa6bd1a8e0ac833ec9db0862386777575c2,7353a7df02a624b3336f6c30d0968cbd42ae1f4bd3333ed6af9c638bbc77165a,c78f891d12cd38aca422eb453958cc0336e7f058cd895c1c808e8bbd01c8d806,8b8102805e497ca6ab30f05ea810daddc5329e4c90ee56ab18c69b33e3a4dbcb
large-wcc-r3-hub-4194304-pecan-wcc-reference,145,3,large-wcc,hub-4194304,process-cluster,wcc,pecan,reference,passed,passed,passed,passed,[],True,50.95278297199911,7239245824,7107124224,7655362560.0,7655362560.0,,,6,,0.0,min_label,,True,,,9d7155aa2302d9dda4e93e48ee3fd81aac1ee637,70b0d1cab2cab945d4dbaf6842ee0e38c8aa1822,aa4b5fa6bd1a8e0ac833ec9db0862386777575c2,7353a7df02a624b3336f6c30d0968cbd42ae1f4bd3333ed6af9c638bbc77165a,c78f891d12cd38aca422eb453958cc0336e7f058cd895c1c808e8bbd01c8d806,1a69b2e7153eaac877967cc77c12930dadaca2d0eb07d344a223e9dfbb5d47ae
large-wcc-r3-uniform-2097152-nutmeg-native-wcc-reference,146,3,large-wcc,uniform-2097152,process-cluster,wcc,nutmeg-native,reference,passed,passed,passed,passed,[],True,20.236165026999515,3367157760,3239245824,3359391744.0,3588726784.0,12263898447,33554432,,,0.0,wcc,,True,,,9d7155aa2302d9dda4e93e48ee3fd81aac1ee637,70b0d1cab2cab945d4dbaf6842ee0e38c8aa1822,aa4b5fa6bd1a8e0ac833ec9db0862386777575c2,7353a7df02a624b3336f6c30d0968cbd42ae1f4bd3333ed6af9c638bbc77165a,c78f891d12cd38aca422eb453958cc0336e7f058cd895c1c808e8bbd01c8d806,5f7e683772622975b3ad72cd9bb6ea39c5f3a4e53f28f8e1675562e81f985509
large-wcc-r3-uniform-4194304-nutmeg-datafusion-wcc-fused,147,3,large-wcc,uniform-4194304,process-cluster,wcc,nutmeg-datafusion,fused,passed,passed,passed,passed,[],True,41.47728679500142,5057069056,4919643136,5543997440.0,5543997440.0,,,13,,0.0,randomized_fused,,True,,13,9d7155aa2302d9dda4e93e48ee3fd81aac1ee637,70b0d1cab2cab945d4dbaf6842ee0e38c8aa1822,aa4b5fa6bd1a8e0ac833ec9db0862386777575c2,7353a7df02a624b3336f6c30d0968cbd42ae1f4bd3333ed6af9c638bbc77165a,c78f891d12cd38aca422eb453958cc0336e7f058cd895c1c808e8bbd01c8d806,e5a01efc286158987853be697c4cb128c7f4f8d9abfef8dee0929b0f5b6fa6b0
large-wcc-r3-uniform-2097152-nutmeg-native-wcc-fused,148,3,large-wcc,uniform-2097152,process-cluster,wcc,nutmeg-native,fused,passed,passed,passed,passed,[],True,26.16063990300063,3379597312,3250781184,3441827840.0,3639930880.0,12263898447,870732488,12,,0.0,wccRandomizedFused,,True,,12,9d7155aa2302d9dda4e93e48ee3fd81aac1ee637,70b0d1cab2cab945d4dbaf6842ee0e38c8aa1822,aa4b5fa6bd1a8e0ac833ec9db0862386777575c2,7353a7df02a624b3336f6c30d0968cbd42ae1f4bd3333ed6af9c638bbc77165a,c78f891d12cd38aca422eb453958cc0336e7f058cd895c1c808e8bbd01c8d806,5f7e683772622975b3ad72cd9bb6ea39c5f3a4e53f28f8e1675562e81f985509
large-wcc-r3-hub-4194304-nutmeg-native-wcc-fused,149,3,large-wcc,hub-4194304,process-cluster,wcc,nutmeg-native,fused,passed,passed,passed,passed,[],True,56.95696514300107,5614936064,5482257408,5893853184.0,5893853184.0,24538076382,1157779376,12,,0.0,wccRandomizedFused,,True,,12,9d7155aa2302d9dda4e93e48ee3fd81aac1ee637,70b0d1cab2cab945d4dbaf6842ee0e38c8aa1822,aa4b5fa6bd1a8e0ac833ec9db0862386777575c2,7353a7df02a624b3336f6c30d0968cbd42ae1f4bd3333ed6af9c638bbc77165a,c78f891d12cd38aca422eb453958cc0336e7f058cd895c1c808e8bbd01c8d806,1a69b2e7153eaac877967cc77c12930dadaca2d0eb07d344a223e9dfbb5d47ae
large-wcc-r3-uniform-4194304-nutmeg-datafusion-wcc-optimized,150,3,large-wcc,uniform-4194304,process-cluster,wcc,nutmeg-datafusion,optimized,passed,passed,passed,passed,[],True,51.95175075000043,4874813440,4733814784,5682348032.0,5682348032.0,,,13,,0.0,randomized,,True,,13,9d7155aa2302d9dda4e93e48ee3fd81aac1ee637,70b0d1cab2cab945d4dbaf6842ee0e38c8aa1822,aa4b5fa6bd1a8e0ac833ec9db0862386777575c2,7353a7df02a624b3336f6c30d0968cbd42ae1f4bd3333ed6af9c638bbc77165a,c78f891d12cd38aca422eb453958cc0336e7f058cd895c1c808e8bbd01c8d806,e5a01efc286158987853be697c4cb128c7f4f8d9abfef8dee0929b0f5b6fa6b0
large-wcc-r3-hub-4194304-nutmeg-native-wcc-optimized,151,3,large-wcc,hub-4194304,process-cluster,wcc,nutmeg-native,optimized,passed,passed,passed,passed,[],True,58.738127953,5682278400,5551360000,5869944832.0,5869944832.0,24538076230,1157779376,12,,0.0,wccRandomized,,True,,12,9d7155aa2302d9dda4e93e48ee3fd81aac1ee637,70b0d1cab2cab945d4dbaf6842ee0e38c8aa1822,aa4b5fa6bd1a8e0ac833ec9db0862386777575c2,7353a7df02a624b3336f6c30d0968cbd42ae1f4bd3333ed6af9c638bbc77165a,c78f891d12cd38aca422eb453958cc0336e7f058cd895c1c808e8bbd01c8d806,1a69b2e7153eaac877967cc77c12930dadaca2d0eb07d344a223e9dfbb5d47ae
large-wcc-r3-hub-2097152-nutmeg-datafusion-wcc-reference,152,3,large-wcc,hub-2097152,process-cluster,wcc,nutmeg-datafusion,reference,passed,passed,passed,passed,[],True,27.048789546999615,4379934720,4243982336,4669411328.0,4669411328.0,,,6,,0.0,min_label,,True,,,9d7155aa2302d9dda4e93e48ee3fd81aac1ee637,70b0d1cab2cab945d4dbaf6842ee0e38c8aa1822,aa4b5fa6bd1a8e0ac833ec9db0862386777575c2,7353a7df02a624b3336f6c30d0968cbd42ae1f4bd3333ed6af9c638bbc77165a,c78f891d12cd38aca422eb453958cc0336e7f058cd895c1c808e8bbd01c8d806,8b8102805e497ca6ab30f05ea810daddc5329e4c90ee56ab18c69b33e3a4dbcb
large-wcc-r3-hub-2097152-nutmeg-datafusion-wcc-fused,153,3,large-wcc,hub-2097152,process-cluster,wcc,nutmeg-datafusion,fused,passed,passed,passed,passed,[],True,22.051521989998946,3991670784,3850554368,4189745152.0,4189745152.0,,,11,,0.0,randomized_fused,,True,,11,9d7155aa2302d9dda4e93e48ee3fd81aac1ee637,70b0d1cab2cab945d4dbaf6842ee0e38c8aa1822,aa4b5fa6bd1a8e0ac833ec9db0862386777575c2,7353a7df02a624b3336f6c30d0968cbd42ae1f4bd3333ed6af9c638bbc77165a,c78f891d12cd38aca422eb453958cc0336e7f058cd895c1c808e8bbd01c8d806,8b8102805e497ca6ab30f05ea810daddc5329e4c90ee56ab18c69b33e3a4dbcb
large-wcc-r3-hub-4194304-nutmeg-datafusion-wcc-fused,154,3,large-wcc,hub-4194304,process-cluster,wcc,nutmeg-datafusion,fused,passed,passed,passed,passed,[],True,43.10688971499985,5878091776,5734177792,6638022656.0,6638022656.0,,,12,,0.0,randomized_fused,,True,,12,9d7155aa2302d9dda4e93e48ee3fd81aac1ee637,70b0d1cab2cab945d4dbaf6842ee0e38c8aa1822,aa4b5fa6bd1a8e0ac833ec9db0862386777575c2,7353a7df02a624b3336f6c30d0968cbd42ae1f4bd3333ed6af9c638bbc77165a,c78f891d12cd38aca422eb453958cc0336e7f058cd895c1c808e8bbd01c8d806,1a69b2e7153eaac877967cc77c12930dadaca2d0eb07d344a223e9dfbb5d47ae
large-wcc-r3-uniform-4194304-nutmeg-datafusion-wcc-reference,155,3,large-wcc,uniform-4194304,process-cluster,wcc,nutmeg-datafusion,reference,passed,passed,passed,passed,[],True,62.01290418999997,6817374208,6674659328,7476695040.0,7476695040.0,,,8,,0.0,min_label,,True,,,9d7155aa2302d9dda4e93e48ee3fd81aac1ee637,70b0d1cab2cab945d4dbaf6842ee0e38c8aa1822,aa4b5fa6bd1a8e0ac833ec9db0862386777575c2,7353a7df02a624b3336f6c30d0968cbd42ae1f4bd3333ed6af9c638bbc77165a,c78f891d12cd38aca422eb453958cc0336e7f058cd895c1c808e8bbd01c8d806,e5a01efc286158987853be697c4cb128c7f4f8d9abfef8dee0929b0f5b6fa6b0
large-wcc-r3-uniform-2097152-nutmeg-native-wcc-optimized,156,3,large-wcc,uniform-2097152,process-cluster,wcc,nutmeg-native,optimized,passed,passed,passed,passed,[],True,26.496151317000113,3431038976,3301324800,3538350080.0,3745394688.0,12263898447,848611804,12,,0.0,wccRandomized,,True,,12,9d7155aa2302d9dda4e93e48ee3fd81aac1ee637,70b0d1cab2cab945d4dbaf6842ee0e38c8aa1822,aa4b5fa6bd1a8e0ac833ec9db0862386777575c2,7353a7df02a624b3336f6c30d0968cbd42ae1f4bd3333ed6af9c638bbc77165a,c78f891d12cd38aca422eb453958cc0336e7f058cd895c1c808e8bbd01c8d806,5f7e683772622975b3ad72cd9bb6ea39c5f3a4e53f28f8e1675562e81f985509
large-wcc-r3-hub-2097152-pecan-wcc-fused,157,3,large-wcc,hub-2097152,process-cluster,wcc,pecan,fused,passed,passed,passed,passed,[],True,20.96508745599931,3519045632,3377010688,3723980800.0,3723980800.0,,,11,,0.0,randomized_fused,,True,,11,9d7155aa2302d9dda4e93e48ee3fd81aac1ee637,70b0d1cab2cab945d4dbaf6842ee0e38c8aa1822,aa4b5fa6bd1a8e0ac833ec9db0862386777575c2,7353a7df02a624b3336f6c30d0968cbd42ae1f4bd3333ed6af9c638bbc77165a,c78f891d12cd38aca422eb453958cc0336e7f058cd895c1c808e8bbd01c8d806,8b8102805e497ca6ab30f05ea810daddc5329e4c90ee56ab18c69b33e3a4dbcb
large-wcc-r3-uniform-4194304-nutmeg-native-wcc-optimized,158,3,large-wcc,uniform-4194304,process-cluster,wcc,nutmeg-native,optimized,passed,passed,passed,passed,[],True,58.399824859001455,5599051776,5468447744,5837733888.0,5837733888.0,24627793852,1190820864,13,,0.0,wccRandomized,,True,,13,9d7155aa2302d9dda4e93e48ee3fd81aac1ee637,70b0d1cab2cab945d4dbaf6842ee0e38c8aa1822,aa4b5fa6bd1a8e0ac833ec9db0862386777575c2,7353a7df02a624b3336f6c30d0968cbd42ae1f4bd3333ed6af9c638bbc77165a,c78f891d12cd38aca422eb453958cc0336e7f058cd895c1c808e8bbd01c8d806,e5a01efc286158987853be697c4cb128c7f4f8d9abfef8dee0929b0f5b6fa6b0
large-wcc-r3-hub-2097152-pecan-wcc-reference,159,3,large-wcc,hub-2097152,process-cluster,wcc,pecan,reference,passed,passed,passed,passed,[],True,26.75496008099981,4082413568,3954301952,4266110976.0,4266110976.0,,,6,,0.0,min_label,,True,,,9d7155aa2302d9dda4e93e48ee3fd81aac1ee637,70b0d1cab2cab945d4dbaf6842ee0e38c8aa1822,aa4b5fa6bd1a8e0ac833ec9db0862386777575c2,7353a7df02a624b3336f6c30d0968cbd42ae1f4bd3333ed6af9c638bbc77165a,c78f891d12cd38aca422eb453958cc0336e7f058cd895c1c808e8bbd01c8d806,8b8102805e497ca6ab30f05ea810daddc5329e4c90ee56ab18c69b33e3a4dbcb
large-wcc-r3-hub-4194304-pecan-wcc-optimized,160,3,large-wcc,hub-4194304,process-cluster,wcc,pecan,optimized,passed,passed,passed,passed,[],True,50.36704445600117,4456529920,4315261952,5508866048.0,5508866048.0,,,12,,0.0,randomized,,True,,12,9d7155aa2302d9dda4e93e48ee3fd81aac1ee637,70b0d1cab2cab945d4dbaf6842ee0e38c8aa1822,aa4b5fa6bd1a8e0ac833ec9db0862386777575c2,7353a7df02a624b3336f6c30d0968cbd42ae1f4bd3333ed6af9c638bbc77165a,c78f891d12cd38aca422eb453958cc0336e7f058cd895c1c808e8bbd01c8d806,1a69b2e7153eaac877967cc77c12930dadaca2d0eb07d344a223e9dfbb5d47ae
large-wcc-r3-uniform-4194304-pecan-wcc-optimized,161,3,large-wcc,uniform-4194304,process-cluster,wcc,pecan,optimized,passed,passed,passed,passed,[],True,52.48473558800106,4797145088,4657022976,5662420992.0,5662420992.0,,,13,,0.0,randomized,,True,,13,9d7155aa2302d9dda4e93e48ee3fd81aac1ee637,70b0d1cab2cab945d4dbaf6842ee0e38c8aa1822,aa4b5fa6bd1a8e0ac833ec9db0862386777575c2,7353a7df02a624b3336f6c30d0968cbd42ae1f4bd3333ed6af9c638bbc77165a,c78f891d12cd38aca422eb453958cc0336e7f058cd895c1c808e8bbd01c8d806,e5a01efc286158987853be697c4cb128c7f4f8d9abfef8dee0929b0f5b6fa6b0
large-wcc-r3-hub-2097152-nutmeg-native-wcc-reference,162,3,large-wcc,hub-2097152,process-cluster,wcc,nutmeg-native,reference,passed,passed,passed,passed,[],True,20.12298284999997,3021213696,2887851008,3109068800.0,3536429056.0,12219029761,33554432,,,0.0,wcc,,True,,,9d7155aa2302d9dda4e93e48ee3fd81aac1ee637,70b0d1cab2cab945d4dbaf6842ee0e38c8aa1822,aa4b5fa6bd1a8e0ac833ec9db0862386777575c2,7353a7df02a624b3336f6c30d0968cbd42ae1f4bd3333ed6af9c638bbc77165a,c78f891d12cd38aca422eb453958cc0336e7f058cd895c1c808e8bbd01c8d806,8b8102805e497ca6ab30f05ea810daddc5329e4c90ee56ab18c69b33e3a4dbcb
large-wcc-r3-hub-2097152-nutmeg-datafusion-wcc-optimized,163,3,large-wcc,hub-2097152,process-cluster,wcc,nutmeg-datafusion,optimized,passed,passed,passed,passed,[],True,25.179196736999074,3231154176,3083278336,3789385728.0,3789385728.0,,,11,,0.0,randomized,,True,,11,9d7155aa2302d9dda4e93e48ee3fd81aac1ee637,70b0d1cab2cab945d4dbaf6842ee0e38c8aa1822,aa4b5fa6bd1a8e0ac833ec9db0862386777575c2,7353a7df02a624b3336f6c30d0968cbd42ae1f4bd3333ed6af9c638bbc77165a,c78f891d12cd38aca422eb453958cc0336e7f058cd895c1c808e8bbd01c8d806,8b8102805e497ca6ab30f05ea810daddc5329e4c90ee56ab18c69b33e3a4dbcb
large-wcc-r3-hub-2097152-pecan-wcc-optimized,164,3,large-wcc,hub-2097152,process-cluster,wcc,pecan,optimized,passed,passed,passed,passed,[],True,24.66668158700122,3338596352,3195247616,3977859072.0,3977859072.0,,,11,,0.0,randomized,,True,,11,9d7155aa2302d9dda4e93e48ee3fd81aac1ee637,70b0d1cab2cab945d4dbaf6842ee0e38c8aa1822,aa4b5fa6bd1a8e0ac833ec9db0862386777575c2,7353a7df02a624b3336f6c30d0968cbd42ae1f4bd3333ed6af9c638bbc77165a,c78f891d12cd38aca422eb453958cc0336e7f058cd895c1c808e8bbd01c8d806,8b8102805e497ca6ab30f05ea810daddc5329e4c90ee56ab18c69b33e3a4dbcb
large-wcc-r3-hub-4194304-nutmeg-datafusion-wcc-reference,165,3,large-wcc,hub-4194304,process-cluster,wcc,nutmeg-datafusion,reference,passed,passed,passed,passed,[],True,51.15533671999947,6787280896,6642949120,7195561984.0,7195561984.0,,,6,,0.0,min_label,,True,,,9d7155aa2302d9dda4e93e48ee3fd81aac1ee637,70b0d1cab2cab945d4dbaf6842ee0e38c8aa1822,aa4b5fa6bd1a8e0ac833ec9db0862386777575c2,7353a7df02a624b3336f6c30d0968cbd42ae1f4bd3333ed6af9c638bbc77165a,c78f891d12cd38aca422eb453958cc0336e7f058cd895c1c808e8bbd01c8d806,1a69b2e7153eaac877967cc77c12930dadaca2d0eb07d344a223e9dfbb5d47ae
large-wcc-r3-uniform-2097152-pecan-wcc-fused,166,3,large-wcc,uniform-2097152,process-cluster,wcc,pecan,fused,passed,passed,passed,passed,[],True,21.752713316000154,3545939968,3401746432,3941203968.0,3941203968.0,,,12,,0.0,randomized_fused,,True,,12,9d7155aa2302d9dda4e93e48ee3fd81aac1ee637,70b0d1cab2cab945d4dbaf6842ee0e38c8aa1822,aa4b5fa6bd1a8e0ac833ec9db0862386777575c2,7353a7df02a624b3336f6c30d0968cbd42ae1f4bd3333ed6af9c638bbc77165a,c78f891d12cd38aca422eb453958cc0336e7f058cd895c1c808e8bbd01c8d806,5f7e683772622975b3ad72cd9bb6ea39c5f3a4e53f28f8e1675562e81f985509
large-wcc-r3-hub-4194304-nutmeg-native-wcc-reference,167,3,large-wcc,hub-4194304,process-cluster,wcc,nutmeg-native,reference,passed,passed,passed,passed,[],True,43.8481321979998,4858273792,4723911680,5076475904.0,5552250880.0,24538076386,67108864,,,0.0,wcc,,True,,,9d7155aa2302d9dda4e93e48ee3fd81aac1ee637,70b0d1cab2cab945d4dbaf6842ee0e38c8aa1822,aa4b5fa6bd1a8e0ac833ec9db0862386777575c2,7353a7df02a624b3336f6c30d0968cbd42ae1f4bd3333ed6af9c638bbc77165a,c78f891d12cd38aca422eb453958cc0336e7f058cd895c1c808e8bbd01c8d806,1a69b2e7153eaac877967cc77c12930dadaca2d0eb07d344a223e9dfbb5d47ae
large-wcc-r3-uniform-2097152-nutmeg-datafusion-wcc-optimized,168,3,large-wcc,uniform-2097152,process-cluster,wcc,nutmeg-datafusion,optimized,passed,passed,passed,passed,[],True,25.67314952599918,3095896064,2911452160,3716833280.0,3716833280.0,,,12,,0.0,randomized,,True,,12,9d7155aa2302d9dda4e93e48ee3fd81aac1ee637,70b0d1cab2cab945d4dbaf6842ee0e38c8aa1822,aa4b5fa6bd1a8e0ac833ec9db0862386777575c2,7353a7df02a624b3336f6c30d0968cbd42ae1f4bd3333ed6af9c638bbc77165a,c78f891d12cd38aca422eb453958cc0336e7f058cd895c1c808e8bbd01c8d806,5f7e683772622975b3ad72cd9bb6ea39c5f3a4e53f28f8e1675562e81f985509
large-wcc-r3-hub-4194304-pecan-wcc-fused,169,3,large-wcc,hub-4194304,process-cluster,wcc,pecan,fused,passed,passed,passed,passed,[],True,40.89642471799925,5365735424,5217999872,5992984576.0,5992984576.0,,,12,,0.0,randomized_fused,,True,,12,9d7155aa2302d9dda4e93e48ee3fd81aac1ee637,70b0d1cab2cab945d4dbaf6842ee0e38c8aa1822,aa4b5fa6bd1a8e0ac833ec9db0862386777575c2,7353a7df02a624b3336f6c30d0968cbd42ae1f4bd3333ed6af9c638bbc77165a,c78f891d12cd38aca422eb453958cc0336e7f058cd895c1c808e8bbd01c8d806,1a69b2e7153eaac877967cc77c12930dadaca2d0eb07d344a223e9dfbb5d47ae
large-wcc-r3-hub-2097152-nutmeg-native-wcc-optimized,170,3,large-wcc,hub-2097152,process-cluster,wcc,nutmeg-native,optimized,passed,passed,passed,passed,[],True,26.331502671000635,3381547008,3248380928,3453886464.0,3657023488.0,12219029793,731913216,11,,0.0,wccRandomized,,True,,11,9d7155aa2302d9dda4e93e48ee3fd81aac1ee637,70b0d1cab2cab945d4dbaf6842ee0e38c8aa1822,aa4b5fa6bd1a8e0ac833ec9db0862386777575c2,7353a7df02a624b3336f6c30d0968cbd42ae1f4bd3333ed6af9c638bbc77165a,c78f891d12cd38aca422eb453958cc0336e7f058cd895c1c808e8bbd01c8d806,8b8102805e497ca6ab30f05ea810daddc5329e4c90ee56ab18c69b33e3a4dbcb
large-wcc-r3-hub-2097152-nutmeg-native-wcc-fused,171,3,large-wcc,hub-2097152,process-cluster,wcc,nutmeg-native,fused,passed,passed,passed,passed,[],True,30.304622756000754,3395870720,3265903616,3475132416.0,3630903296.0,12219029701,579952400,11,,0.0,wccRandomizedFused,,True,,11,9d7155aa2302d9dda4e93e48ee3fd81aac1ee637,70b0d1cab2cab945d4dbaf6842ee0e38c8aa1822,aa4b5fa6bd1a8e0ac833ec9db0862386777575c2,7353a7df02a624b3336f6c30d0968cbd42ae1f4bd3333ed6af9c638bbc77165a,c78f891d12cd38aca422eb453958cc0336e7f058cd895c1c808e8bbd01c8d806,8b8102805e497ca6ab30f05ea810daddc5329e4c90ee56ab18c69b33e3a4dbcb
large-wcc-r3-uniform-2097152-nutmeg-datafusion-wcc-fused,172,3,large-wcc,uniform-2097152,process-cluster,wcc,nutmeg-datafusion,fused,passed,passed,passed,passed,[],True,22.12726540100084,3596550144,3454843904,3979370496.0,3979370496.0,,,12,,0.0,randomized_fused,,True,,12,9d7155aa2302d9dda4e93e48ee3fd81aac1ee637,70b0d1cab2cab945d4dbaf6842ee0e38c8aa1822,aa4b5fa6bd1a8e0ac833ec9db0862386777575c2,7353a7df02a624b3336f6c30d0968cbd42ae1f4bd3333ed6af9c638bbc77165a,c78f891d12cd38aca422eb453958cc0336e7f058cd895c1c808e8bbd01c8d806,5f7e683772622975b3ad72cd9bb6ea39c5f3a4e53f28f8e1675562e81f985509
large-wcc-r3-hub-4194304-nutmeg-datafusion-wcc-optimized,173,3,large-wcc,hub-4194304,process-cluster,wcc,nutmeg-datafusion,optimized,passed,passed,passed,passed,[],True,47.84167142300066,4764205056,4624792576,5581885440.0,5581885440.0,,,12,,0.0,randomized,,True,,12,9d7155aa2302d9dda4e93e48ee3fd81aac1ee637,70b0d1cab2cab945d4dbaf6842ee0e38c8aa1822,aa4b5fa6bd1a8e0ac833ec9db0862386777575c2,7353a7df02a624b3336f6c30d0968cbd42ae1f4bd3333ed6af9c638bbc77165a,c78f891d12cd38aca422eb453958cc0336e7f058cd895c1c808e8bbd01c8d806,1a69b2e7153eaac877967cc77c12930dadaca2d0eb07d344a223e9dfbb5d47ae
large-wcc-r3-uniform-4194304-pecan-wcc-fused,174,3,large-wcc,uniform-4194304,process-cluster,wcc,pecan,fused,passed,passed,passed,passed,[],True,40.11926189800033,5040132096,4909688832,5513838592.0,5513838592.0,,,13,,0.0,randomized_fused,,True,,13,9d7155aa2302d9dda4e93e48ee3fd81aac1ee637,70b0d1cab2cab945d4dbaf6842ee0e38c8aa1822,aa4b5fa6bd1a8e0ac833ec9db0862386777575c2,7353a7df02a624b3336f6c30d0968cbd42ae1f4bd3333ed6af9c638bbc77165a,c78f891d12cd38aca422eb453958cc0336e7f058cd895c1c808e8bbd01c8d806,e5a01efc286158987853be697c4cb128c7f4f8d9abfef8dee0929b0f5b6fa6b0
large-wcc-r3-uniform-2097152-pecan-wcc-optimized,175,3,large-wcc,uniform-2097152,process-cluster,wcc,pecan,optimized,passed,passed,passed,passed,[],True,25.264807084000495,3288342528,3149995008,3896758272.0,3896758272.0,,,12,,0.0,randomized,,True,,12,9d7155aa2302d9dda4e93e48ee3fd81aac1ee637,70b0d1cab2cab945d4dbaf6842ee0e38c8aa1822,aa4b5fa6bd1a8e0ac833ec9db0862386777575c2,7353a7df02a624b3336f6c30d0968cbd42ae1f4bd3333ed6af9c638bbc77165a,c78f891d12cd38aca422eb453958cc0336e7f058cd895c1c808e8bbd01c8d806,5f7e683772622975b3ad72cd9bb6ea39c5f3a4e53f28f8e1675562e81f985509
large-wcc-r3-uniform-4194304-pecan-wcc-reference,176,3,large-wcc,uniform-4194304,process-cluster,wcc,pecan,reference,passed,passed,passed,passed,[],True,61.27817308200065,6812581888,6676049920,7477030912.0,7477030912.0,,,8,,0.0,min_label,,True,,,9d7155aa2302d9dda4e93e48ee3fd81aac1ee637,70b0d1cab2cab945d4dbaf6842ee0e38c8aa1822,aa4b5fa6bd1a8e0ac833ec9db0862386777575c2,7353a7df02a624b3336f6c30d0968cbd42ae1f4bd3333ed6af9c638bbc77165a,c78f891d12cd38aca422eb453958cc0336e7f058cd895c1c808e8bbd01c8d806,e5a01efc286158987853be697c4cb128c7f4f8d9abfef8dee0929b0f5b6fa6b0
large-wcc-r3-uniform-2097152-pecan-wcc-reference,177,3,large-wcc,uniform-2097152,process-cluster,wcc,pecan,reference,passed,passed,passed,passed,[],True,33.10946819700075,4283887616,4113718272,4539174912.0,4539174912.0,,,8,,0.0,min_label,,True,,,9d7155aa2302d9dda4e93e48ee3fd81aac1ee637,70b0d1cab2cab945d4dbaf6842ee0e38c8aa1822,aa4b5fa6bd1a8e0ac833ec9db0862386777575c2,7353a7df02a624b3336f6c30d0968cbd42ae1f4bd3333ed6af9c638bbc77165a,c78f891d12cd38aca422eb453958cc0336e7f058cd895c1c808e8bbd01c8d806,5f7e683772622975b3ad72cd9bb6ea39c5f3a4e53f28f8e1675562e81f985509
large-wcc-r3-uniform-4194304-nutmeg-native-wcc-fused,178,3,large-wcc,uniform-4194304,process-cluster,wcc,nutmeg-native,fused,passed,passed,passed,passed,[],True,54.236741139000515,5653667840,5522159616,5875273728.0,5875273728.0,24627793852,1173124304,13,,0.0,wccRandomizedFused,,True,,13,9d7155aa2302d9dda4e93e48ee3fd81aac1ee637,70b0d1cab2cab945d4dbaf6842ee0e38c8aa1822,aa4b5fa6bd1a8e0ac833ec9db0862386777575c2,7353a7df02a624b3336f6c30d0968cbd42ae1f4bd3333ed6af9c638bbc77165a,c78f891d12cd38aca422eb453958cc0336e7f058cd895c1c808e8bbd01c8d806,e5a01efc286158987853be697c4cb128c7f4f8d9abfef8dee0929b0f5b6fa6b0
large-wcc-r3-uniform-2097152-nutmeg-datafusion-wcc-reference,179,3,large-wcc,uniform-2097152,process-cluster,wcc,nutmeg-datafusion,reference,passed,passed,passed,passed,[],True,33.15443686300023,4546019328,4418456576,4756422656.0,4756422656.0,,,8,,0.0,min_label,,True,,,9d7155aa2302d9dda4e93e48ee3fd81aac1ee637,70b0d1cab2cab945d4dbaf6842ee0e38c8aa1822,aa4b5fa6bd1a8e0ac833ec9db0862386777575c2,7353a7df02a624b3336f6c30d0968cbd42ae1f4bd3333ed6af9c638bbc77165a,c78f891d12cd38aca422eb453958cc0336e7f058cd895c1c808e8bbd01c8d806,5f7e683772622975b3ad72cd9bb6ea39c5f3a4e53f28f8e1675562e81f985509
large-wcc-r3-uniform-4194304-nutmeg-native-wcc-reference,180,3,large-wcc,uniform-4194304,process-cluster,wcc,nutmeg-native,reference,passed,passed,passed,passed,[],True,41.5689852430005,4852531200,4722173952,5136130048.0,5699919872.0,24627793852,67108864,,,0.0,wcc,,True,,,9d7155aa2302d9dda4e93e48ee3fd81aac1ee637,70b0d1cab2cab945d4dbaf6842ee0e38c8aa1822,aa4b5fa6bd1a8e0ac833ec9db0862386777575c2,7353a7df02a624b3336f6c30d0968cbd42ae1f4bd3333ed6af9c638bbc77165a,c78f891d12cd38aca422eb453958cc0336e7f058cd895c1c808e8bbd01c8d806,e5a01efc286158987853be697c4cb128c7f4f8d9abfef8dee0929b0f5b6fa6b0
